,overall_ntrials,overall_ncorrect,overall_rt_mean,overall_rt_mean_outrmvd,overall_rt_outrmvd,happy_ntrials,happy_ncorrect,happy_rt_mean,happy_rt_mean_outrmvd,happy_rt_outrmvd,happy_female_ntrials,happy_female_ncorrect,happy_female_rt_mean,happy_female_rt_mean_outrmvd,happy_female_rt_outrmvd,happy_female_strong_ntrials,happy_female_strong_ncorrect,happy_female_strong_rt_mean,happy_female_strong_rt_mean_outrmvd,happy_female_strong_rt_outrmvd,happy_female_weak_ntrials,happy_female_weak_ncorrect,happy_female_weak_rt_mean,happy_female_weak_rt_mean_outrmvd,happy_female_weak_rt_outrmvd,happy_male_ntrials,happy_male_ncorrect,happy_male_rt_mean,happy_male_rt_mean_outrmvd,happy_male_rt_outrmvd,happy_male_strong_ntrials,happy_male_strong_ncorrect,happy_male_strong_rt_mean,happy_male_strong_rt_mean_outrmvd,happy_male_strong_rt_outrmvd,happy_male_weak_ntrials,happy_male_weak_ncorrect,happy_male_weak_rt_mean,happy_male_weak_rt_mean_outrmvd,happy_male_weak_rt_outrmvd,afraid_ntrials,afraid_ncorrect,afraid_rt_mean,afraid_rt_mean_outrmvd,afraid_rt_outrmvd,afraid_female_ntrials,afraid_female_ncorrect,afraid_female_rt_mean,afraid_female_rt_mean_outrmvd,afraid_female_rt_outrmvd,afraid_female_strong_ntrials,afraid_female_strong_ncorrect,afraid_female_strong_rt_mean,afraid_female_strong_rt_mean_outrmvd,afraid_female_strong_rt_outrmvd,afraid_female_weak_ntrials,afraid_female_weak_ncorrect,afraid_female_weak_rt_mean,afraid_female_weak_rt_mean_outrmvd,afraid_female_weak_rt_outrmvd,afraid_male_ntrials,afraid_male_ncorrect,afraid_male_rt_mean,afraid_male_rt_mean_outrmvd,afraid_male_rt_outrmvd,afraid_male_strong_ntrials,afraid_male_strong_ncorrect,afraid_male_strong_rt_mean,afraid_male_strong_rt_mean_outrmvd,afraid_male_strong_rt_outrmvd,afraid_male_weak_ntrials,afraid_male_weak_ncorrect,afraid_male_weak_rt_mean,afraid_male_weak_rt_mean_outrmvd,afraid_male_weak_rt_outrmvd,angry_ntrials,angry_ncorrect,angry_rt_mean,angry_rt_mean_outrmvd,angry_rt_outrmvd,angry_male_ntrials,angry_male_ncorrect,angry_male_rt_mean,angry_male_rt_mean_outrmvd,angry_male_rt_outrmvd,angry_male_weak_ntrials,angry_male_weak_ncorrect,angry_male_weak_rt_mean,angry_male_weak_rt_mean_outrmvd,angry_male_weak_rt_outrmvd,angry_male_strong_ntrials,angry_male_strong_ncorrect,angry_male_strong_rt_mean,angry_male_strong_rt_mean_outrmvd,angry_male_strong_rt_outrmvd,angry_female_ntrials,angry_female_ncorrect,angry_female_rt_mean,angry_female_rt_mean_outrmvd,angry_female_rt_outrmvd,angry_female_weak_ntrials,angry_female_weak_ncorrect,angry_female_weak_rt_mean,angry_female_weak_rt_mean_outrmvd,angry_female_weak_rt_outrmvd,angry_female_strong_ntrials,angry_female_strong_ncorrect,angry_female_strong_rt_mean,angry_female_strong_rt_mean_outrmvd,angry_female_strong_rt_outrmvd,neutral_ntrials,neutral_ncorrect,neutral_rt_mean,neutral_rt_mean_outrmvd,neutral_rt_outrmvd,neutral_female_ntrials,neutral_female_ncorrect,neutral_female_rt_mean,neutral_female_rt_mean_outrmvd,neutral_female_rt_outrmvd,neutral_male_ntrials,neutral_male_ncorrect,neutral_male_rt_mean,neutral_male_rt_mean_outrmvd,neutral_male_rt_outrmvd,sad_ntrials,sad_ncorrect,sad_rt_mean,sad_rt_mean_outrmvd,sad_rt_outrmvd,sad_female_ntrials,sad_female_ncorrect,sad_female_rt_mean,sad_female_rt_mean_outrmvd,sad_female_rt_outrmvd,sad_female_strong_ntrials,sad_female_strong_ncorrect,sad_female_strong_rt_mean,sad_female_strong_rt_mean_outrmvd,sad_female_strong_rt_outrmvd,sad_female_weak_ntrials,sad_female_weak_ncorrect,sad_female_weak_rt_mean,sad_female_weak_rt_mean_outrmvd,sad_female_weak_rt_outrmvd,sad_male_ntrials,sad_male_ncorrect,sad_male_rt_mean,sad_male_rt_mean_outrmvd,sad_male_rt_outrmvd,sad_male_weak_ntrials,sad_male_weak_ncorrect,sad_male_weak_rt_mean,sad_male_weak_rt_mean_outrmvd,sad_male_weak_rt_outrmvd,sad_male_strong_ntrials,sad_male_strong_ncorrect,sad_male_strong_rt_mean,sad_male_strong_rt_mean_outrmvd,sad_male_strong_rt_outrmvd,group
4273,40.0,32.0,1963.5625,1855.93548387,1.0,8.0,7.0,2108.71428571,2108.71428571,0.0,4.0,3.0,2243.66666667,2243.66666667,0.0,2.0,2.0,2625.5,2625.5,0.0,2.0,1.0,1480.0,,1.0,4.0,4.0,2007.5,2007.5,0.0,2.0,2.0,1840.0,1840.0,0.0,2.0,2.0,2175.0,2175.0,0.0,8.0,7.0,1762.85714286,1762.85714286,0.0,4.0,3.0,1886.66666667,1886.66666667,0.0,2.0,2.0,2115.0,2115.0,0.0,2.0,1.0,1430.0,,1.0,4.0,4.0,1670.0,1670.0,0.0,2.0,2.0,1535.0,1535.0,0.0,2.0,2.0,1805.0,1805.0,0.0,8.0,4.0,1490.25,1490.25,0.0,4.0,2.0,1375.0,1375.0,0.0,2.0,0.0,,,0.0,2.0,2.0,1375.0,1375.0,0.0,4.0,2.0,1605.5,1605.5,0.0,2.0,0.0,,,0.0,2.0,2.0,1605.5,1605.5,0.0,8.0,8.0,2166.25,2166.25,0.0,4.0,4.0,1700.0,1700.0,0.0,4.0,4.0,2632.5,2632.5,0.0,8.0,6.0,2073.66666667,2073.66666667,0.0,4.0,4.0,2075.25,2075.25,0.0,2.0,2.0,2730.5,2730.5,0.0,2.0,2.0,1420.0,1420.0,0.0,4.0,2.0,2070.5,2070.5,0.0,2.0,1.0,2230.0,,1.0,2.0,1.0,1911.0,,1.0,1.0
4307,40.0,35.0,2684.42857143,2684.42857143,0.0,8.0,8.0,2271.375,2271.375,0.0,4.0,4.0,2342.5,2342.5,0.0,2.0,2.0,2725.0,2725.0,0.0,2.0,2.0,1960.0,1960.0,0.0,4.0,4.0,2200.25,2200.25,0.0,2.0,2.0,2100.5,2100.5,0.0,2.0,2.0,2300.0,2300.0,0.0,8.0,7.0,3078.71428571,3078.71428571,0.0,4.0,3.0,2570.0,2570.0,0.0,2.0,1.0,2670.0,,1.0,2.0,2.0,2520.0,2520.0,0.0,4.0,4.0,3460.25,3460.25,0.0,2.0,2.0,3135.5,3135.5,0.0,2.0,2.0,3785.0,3785.0,0.0,8.0,7.0,1988.57142857,1988.57142857,0.0,4.0,3.0,2416.66666667,2416.66666667,0.0,2.0,2.0,2620.0,2620.0,0.0,2.0,1.0,2010.0,,1.0,4.0,4.0,1667.5,1667.5,0.0,2.0,2.0,2065.0,2065.0,0.0,2.0,2.0,1270.0,1270.0,0.0,8.0,7.0,2977.14285714,2977.14285714,0.0,4.0,3.0,3460.0,3460.0,0.0,4.0,4.0,2615.0,2615.0,0.0,8.0,6.0,3245.5,3245.5,0.0,4.0,3.0,3007.33333333,3007.33333333,0.0,2.0,2.0,3650.5,3650.5,0.0,2.0,1.0,1721.0,,1.0,4.0,3.0,3483.66666667,3483.66666667,0.0,2.0,2.0,1970.0,1970.0,0.0,2.0,1.0,6511.0,,1.0,0.0
4346,40.0,34.0,3144.26470588,2851.93939394,1.0,8.0,8.0,2282.5,2282.5,0.0,4.0,4.0,2685.0,2685.0,0.0,2.0,2.0,3225.0,3225.0,0.0,2.0,2.0,2145.0,2145.0,0.0,4.0,4.0,1880.0,1880.0,0.0,2.0,2.0,1780.0,1780.0,0.0,2.0,2.0,1980.0,1980.0,0.0,8.0,6.0,6612.0,6612.0,0.0,4.0,3.0,5943.66666667,5943.66666667,0.0,2.0,1.0,2770.0,,1.0,2.0,2.0,7530.5,7530.5,0.0,4.0,3.0,7280.33333333,7280.33333333,0.0,2.0,2.0,5965.0,5965.0,0.0,2.0,1.0,9911.0,,1.0,8.0,6.0,3727.0,3727.0,0.0,4.0,3.0,3103.33333333,3103.33333333,0.0,2.0,1.0,4160.0,,1.0,2.0,2.0,2575.0,2575.0,0.0,4.0,3.0,4350.66666667,4350.66666667,0.0,2.0,1.0,4681.0,,1.0,2.0,2.0,4185.5,4185.5,0.0,8.0,8.0,2062.625,2062.625,0.0,4.0,4.0,1935.0,1935.0,0.0,4.0,4.0,2190.25,2190.25,0.0,8.0,6.0,1685.0,1685.0,0.0,4.0,4.0,1932.5,1932.5,0.0,2.0,2.0,2025.0,2025.0,0.0,2.0,2.0,1840.0,1840.0,0.0,4.0,2.0,1190.0,1190.0,0.0,2.0,0.0,,,0.0,2.0,2.0,1190.0,1190.0,0.0,1.0
4365,40.0,35.0,1699.8,1588.91176471,1.0,8.0,8.0,1511.25,1511.25,0.0,4.0,4.0,1725.0,1725.0,0.0,2.0,2.0,1665.0,1665.0,0.0,2.0,2.0,1785.0,1785.0,0.0,4.0,4.0,1297.5,1297.5,0.0,2.0,2.0,1420.0,1420.0,0.0,2.0,2.0,1175.0,1175.0,0.0,8.0,7.0,2074.57142857,2074.57142857,0.0,4.0,3.0,2070.33333333,2070.33333333,0.0,2.0,1.0,1710.0,,1.0,2.0,2.0,2250.5,2250.5,0.0,4.0,4.0,2077.75,2077.75,0.0,2.0,2.0,2400.5,2400.5,0.0,2.0,2.0,1755.0,1755.0,0.0,8.0,6.0,2216.66666667,2216.66666667,0.0,4.0,4.0,2617.5,2617.5,0.0,2.0,2.0,3615.0,3615.0,0.0,2.0,2.0,1620.0,1620.0,0.0,4.0,2.0,1415.0,1415.0,0.0,2.0,1.0,1430.0,,1.0,2.0,1.0,1400.0,,1.0,8.0,8.0,1401.25,1401.25,0.0,4.0,4.0,1205.0,1205.0,0.0,4.0,4.0,1597.5,1597.5,0.0,8.0,6.0,1395.16666667,1395.16666667,0.0,4.0,3.0,1347.0,1347.0,0.0,2.0,1.0,1280.0,,1.0,2.0,2.0,1380.5,1380.5,0.0,4.0,3.0,1443.33333333,1443.33333333,0.0,2.0,1.0,1080.0,,1.0,2.0,2.0,1625.0,1625.0,0.0,0.0
4366,,,,,,,,,,,,,,,,,,,,,,,,,,,,,,,,,,,,,,,,,,,,,,,,,,,,,,,,,,,,,,,,,,,,,,,,,,,,,,,,,,,,,,,,,,,,,,,,,,,,,,,,,,,,,,,,,,,,,,,,,,,,,,,,,,,,,,,,,,,,,,,,,,,,,,,,,,,,,,,,,1.0
4367,40.0,32.0,3891.84375,3744.4516129,1.0,8.0,8.0,3247.5,3247.5,0.0,4.0,4.0,3447.5,3447.5,0.0,2.0,2.0,3750.0,3750.0,0.0,2.0,2.0,3145.0,3145.0,0.0,4.0,4.0,3047.5,3047.5,0.0,2.0,2.0,3270.0,3270.0,0.0,2.0,2.0,2825.0,2825.0,0.0,8.0,8.0,5334.5,5334.5,0.0,4.0,4.0,6071.0,6071.0,0.0,2.0,2.0,5911.0,5911.0,0.0,2.0,2.0,6231.0,6231.0,0.0,4.0,4.0,4598.0,4598.0,0.0,2.0,2.0,4785.0,4785.0,0.0,2.0,2.0,4411.0,4411.0,0.0,8.0,4.0,3862.75,3862.75,0.0,4.0,2.0,3010.0,3010.0,0.0,2.0,0.0,,,0.0,2.0,2.0,3010.0,3010.0,0.0,4.0,2.0,4715.5,4715.5,0.0,2.0,1.0,5221.0,,1.0,2.0,1.0,4210.0,,1.0,8.0,8.0,3131.25,3131.25,0.0,4.0,4.0,2757.5,2757.5,0.0,4.0,4.0,3505.0,3505.0,0.0,8.0,4.0,3845.5,3845.5,0.0,4.0,2.0,3355.0,3355.0,0.0,2.0,2.0,3355.0,3355.0,0.0,2.0,0.0,,,0.0,4.0,2.0,4336.0,4336.0,0.0,2.0,0.0,,,0.0,2.0,2.0,4336.0,4336.0,0.0,1.0
4368,40.0,30.0,3936.26666667,3936.26666667,0.0,8.0,7.0,3101.57142857,3101.57142857,0.0,4.0,4.0,3755.25,3755.25,0.0,2.0,2.0,4640.5,4640.5,0.0,2.0,2.0,2870.0,2870.0,0.0,4.0,3.0,2230.0,2230.0,0.0,2.0,2.0,2425.0,2425.0,0.0,2.0,1.0,1840.0,,1.0,8.0,5.0,5628.6,5628.6,0.0,4.0,2.0,6106.5,6106.5,0.0,2.0,1.0,8332.0,,1.0,2.0,1.0,3881.0,,1.0,4.0,3.0,5310.0,5310.0,0.0,2.0,2.0,5535.0,5535.0,0.0,2.0,1.0,4860.0,,1.0,8.0,3.0,3110.33333333,3110.33333333,0.0,4.0,2.0,3360.5,3360.5,0.0,2.0,1.0,4211.0,,1.0,2.0,1.0,2510.0,,1.0,4.0,1.0,2610.0,,1.0,2.0,0.0,,,0.0,2.0,1.0,2610.0,,1.0,8.0,8.0,5279.125,5279.125,0.0,4.0,4.0,4997.75,4997.75,0.0,4.0,4.0,5560.5,5560.5,0.0,8.0,7.0,2381.42857143,2381.42857143,0.0,4.0,3.0,3203.33333333,3203.33333333,0.0,2.0,1.0,2710.0,,1.0,2.0,2.0,3450.0,3450.0,0.0,4.0,4.0,1765.0,1765.0,0.0,2.0,2.0,1895.0,1895.0,0.0,2.0,2.0,1635.0,1635.0,0.0,1.0
4369,40.0,30.0,1627.1,1627.1,0.0,8.0,6.0,1300.0,1300.0,0.0,4.0,4.0,1342.5,1342.5,0.0,2.0,2.0,1550.0,1550.0,0.0,2.0,2.0,1135.0,1135.0,0.0,4.0,2.0,1215.0,1215.0,0.0,2.0,1.0,1250.0,,1.0,2.0,1.0,1180.0,,1.0,8.0,5.0,2166.0,2166.0,0.0,4.0,2.0,2380.0,2380.0,0.0,2.0,2.0,2380.0,2380.0,0.0,2.0,0.0,,,0.0,4.0,3.0,2023.33333333,2023.33333333,0.0,2.0,2.0,2385.0,2385.0,0.0,2.0,1.0,1300.0,,1.0,8.0,7.0,1687.42857143,1687.42857143,0.0,4.0,3.0,1710.33333333,1710.33333333,0.0,2.0,1.0,2320.0,,1.0,2.0,2.0,1405.5,1405.5,0.0,4.0,4.0,1670.25,1670.25,0.0,2.0,2.0,1860.5,1860.5,0.0,2.0,2.0,1480.0,1480.0,0.0,8.0,7.0,1271.42857143,1271.42857143,0.0,4.0,4.0,1220.0,1220.0,0.0,4.0,3.0,1340.0,1340.0,0.0,8.0,5.0,1894.2,1894.2,0.0,4.0,3.0,2187.0,2187.0,0.0,2.0,2.0,2160.5,2160.5,0.0,2.0,1.0,2240.0,,1.0,4.0,2.0,1455.0,1455.0,0.0,2.0,0.0,,,0.0,2.0,2.0,1455.0,1455.0,0.0,0.0
4370,40.0,30.0,5405.96666667,5405.96666667,0.0,8.0,8.0,4204.125,4204.125,0.0,4.0,4.0,2992.75,2992.75,0.0,2.0,2.0,3835.5,3835.5,0.0,2.0,2.0,2150.0,2150.0,0.0,4.0,4.0,5415.5,5415.5,0.0,2.0,2.0,2740.0,2740.0,0.0,2.0,2.0,8091.0,8091.0,0.0,8.0,7.0,9661.71428571,9661.71428571,0.0,4.0,3.0,6163.33333333,6163.33333333,0.0,2.0,2.0,6830.0,6830.0,0.0,2.0,1.0,4830.0,,1.0,4.0,4.0,12285.5,12285.5,0.0,2.0,2.0,12585.5,12585.5,0.0,2.0,2.0,11985.5,11985.5,0.0,8.0,2.0,5395.0,5395.0,0.0,4.0,1.0,2840.0,,1.0,2.0,0.0,,,0.0,2.0,1.0,2840.0,,1.0,4.0,1.0,7950.0,,1.0,2.0,0.0,,,0.0,2.0,1.0,7950.0,,1.0,8.0,8.0,3244.0,3244.0,0.0,4.0,4.0,3210.25,3210.25,0.0,4.0,4.0,3277.75,3277.75,0.0,8.0,5.0,4834.4,4834.4,0.0,4.0,2.0,3456.0,3456.0,0.0,2.0,1.0,3661.0,,1.0,2.0,1.0,3251.0,,1.0,4.0,3.0,5753.33333333,5753.33333333,0.0,2.0,2.0,6900.0,6900.0,0.0,2.0,1.0,3460.0,,1.0,1.0
4371,40.0,29.0,3123.65517241,2882.67857143,1.0,8.0,7.0,3774.57142857,3774.57142857,0.0,4.0,4.0,3057.75,3057.75,0.0,2.0,2.0,3810.0,3810.0,0.0,2.0,2.0,2305.5,2305.5,0.0,4.0,3.0,4730.33333333,4730.33333333,0.0,2.0,2.0,6210.5,6210.5,0.0,2.0,1.0,1770.0,,1.0,8.0,2.0,3765.0,3765.0,0.0,4.0,0.0,,,0.0,2.0,0.0,,,0.0,2.0,0.0,,,0.0,4.0,2.0,3765.0,3765.0,0.0,2.0,1.0,3550.0,,1.0,2.0,1.0,3980.0,,1.0,8.0,5.0,3558.2,3558.2,0.0,4.0,2.0,2010.0,2010.0,0.0,2.0,0.0,,,0.0,2.0,2.0,2010.0,2010.0,0.0,4.0,3.0,4590.33333333,4590.33333333,0.0,2.0,1.0,7661.0,,1.0,2.0,2.0,3055.0,3055.0,0.0,8.0,7.0,2445.85714286,2445.85714286,0.0,4.0,4.0,2485.25,2485.25,0.0,4.0,3.0,2393.33333333,2393.33333333,0.0,8.0,8.0,2715.25,2715.25,0.0,4.0,4.0,2605.25,2605.25,0.0,2.0,2.0,3140.0,3140.0,0.0,2.0,2.0,2070.5,2070.5,0.0,4.0,4.0,2825.25,2825.25,0.0,2.0,2.0,3990.5,3990.5,0.0,2.0,2.0,1660.0,1660.0,0.0,0.0
4372,40.0,34.0,1807.44117647,1807.44117647,0.0,8.0,8.0,1697.625,1697.625,0.0,4.0,4.0,1370.25,1370.25,0.0,2.0,2.0,1495.0,1495.0,0.0,2.0,2.0,1245.5,1245.5,0.0,4.0,4.0,2025.0,2025.0,0.0,2.0,2.0,2160.0,2160.0,0.0,2.0,2.0,1890.0,1890.0,0.0,8.0,5.0,1780.0,1780.0,0.0,4.0,2.0,1815.0,1815.0,0.0,2.0,1.0,1610.0,,1.0,2.0,1.0,2020.0,,1.0,4.0,3.0,1756.66666667,1756.66666667,0.0,2.0,2.0,1740.0,1740.0,0.0,2.0,1.0,1790.0,,1.0,8.0,6.0,1736.66666667,1736.66666667,0.0,4.0,2.0,1375.0,1375.0,0.0,2.0,0.0,,,0.0,2.0,2.0,1375.0,1375.0,0.0,4.0,4.0,1917.5,1917.5,0.0,2.0,2.0,1505.0,1505.0,0.0,2.0,2.0,2330.0,2330.0,0.0,8.0,8.0,1682.5,1682.5,0.0,4.0,4.0,1697.5,1697.5,0.0,4.0,4.0,1667.5,1667.5,0.0,8.0,7.0,2156.0,2156.0,0.0,4.0,3.0,2557.0,2557.0,0.0,2.0,1.0,3200.0,,1.0,2.0,2.0,2235.5,2235.5,0.0,4.0,4.0,1855.25,1855.25,0.0,2.0,2.0,1920.0,1920.0,0.0,2.0,2.0,1790.5,1790.5,0.0,0.0
4373,40.0,30.0,3540.56666667,3540.56666667,0.0,8.0,7.0,2244.28571429,2244.28571429,0.0,4.0,4.0,2552.5,2552.5,0.0,2.0,2.0,2580.0,2580.0,0.0,2.0,2.0,2525.0,2525.0,0.0,4.0,3.0,1833.33333333,1833.33333333,0.0,2.0,2.0,1905.0,1905.0,0.0,2.0,1.0,1690.0,,1.0,8.0,4.0,6143.0,6143.0,0.0,4.0,2.0,7015.5,7015.5,0.0,2.0,0.0,,,0.0,2.0,2.0,7015.5,7015.5,0.0,4.0,2.0,5270.5,5270.5,0.0,2.0,1.0,4760.0,,1.0,2.0,1.0,5781.0,,1.0,8.0,6.0,3322.0,3322.0,0.0,4.0,2.0,1470.5,1470.5,0.0,2.0,0.0,,,0.0,2.0,2.0,1470.5,1470.5,0.0,4.0,4.0,4247.75,4247.75,0.0,2.0,2.0,5930.5,5930.5,0.0,2.0,2.0,2565.0,2565.0,0.0,8.0,6.0,4210.33333333,4210.33333333,0.0,4.0,4.0,4972.75,4972.75,0.0,4.0,2.0,2685.5,2685.5,0.0,8.0,7.0,2963.0,2963.0,0.0,4.0,4.0,3060.25,3060.25,0.0,2.0,2.0,4065.5,4065.5,0.0,2.0,2.0,2055.0,2055.0,0.0,4.0,3.0,2833.33333333,2833.33333333,0.0,2.0,2.0,3350.0,3350.0,0.0,2.0,1.0,1800.0,,1.0,0.0
4374,40.0,32.0,3119.25,2949.22580645,1.0,8.0,8.0,2697.875,2697.875,0.0,4.0,4.0,2845.5,2845.5,0.0,2.0,2.0,2580.0,2580.0,0.0,2.0,2.0,3111.0,3111.0,0.0,4.0,4.0,2550.25,2550.25,0.0,2.0,2.0,2920.5,2920.5,0.0,2.0,2.0,2180.0,2180.0,0.0,8.0,6.0,4481.66666667,4481.66666667,0.0,4.0,3.0,5256.66666667,5256.66666667,0.0,2.0,1.0,3630.0,,1.0,2.0,2.0,6070.0,6070.0,0.0,4.0,3.0,3706.66666667,3706.66666667,0.0,2.0,2.0,4005.0,4005.0,0.0,2.0,1.0,3110.0,,1.0,8.0,5.0,3020.2,3020.2,0.0,4.0,3.0,2923.66666667,2923.66666667,0.0,2.0,1.0,3250.0,,1.0,2.0,2.0,2760.5,2760.5,0.0,4.0,2.0,3165.0,3165.0,0.0,2.0,1.0,2260.0,,1.0,2.0,1.0,4070.0,,1.0,8.0,8.0,2502.625,2502.625,0.0,4.0,4.0,2420.25,2420.25,0.0,4.0,4.0,2585.0,2585.0,0.0,8.0,5.0,3244.2,3244.2,0.0,4.0,2.0,3430.5,3430.5,0.0,2.0,1.0,3061.0,,1.0,2.0,1.0,3800.0,,1.0,4.0,3.0,3120.0,3120.0,0.0,2.0,1.0,910.0,,1.0,2.0,2.0,4225.0,4225.0,0.0,0.0
4375,40.0,34.0,1978.97058824,1879.84848485,1.0,8.0,7.0,1588.57142857,1588.57142857,0.0,4.0,4.0,1687.5,1687.5,0.0,2.0,2.0,1095.0,1095.0,0.0,2.0,2.0,2280.0,2280.0,0.0,4.0,3.0,1456.66666667,1456.66666667,0.0,2.0,2.0,1580.0,1580.0,0.0,2.0,1.0,1210.0,,1.0,8.0,7.0,2617.28571429,2617.28571429,0.0,4.0,3.0,2173.66666667,2173.66666667,0.0,2.0,1.0,1351.0,,1.0,2.0,2.0,2585.0,2585.0,0.0,4.0,4.0,2950.0,2950.0,0.0,2.0,2.0,3835.0,3835.0,0.0,2.0,2.0,2065.0,2065.0,0.0,8.0,6.0,1983.83333333,1983.83333333,0.0,4.0,2.0,2020.5,2020.5,0.0,2.0,1.0,2321.0,,1.0,2.0,1.0,1720.0,,1.0,4.0,4.0,1965.5,1965.5,0.0,2.0,2.0,1955.0,1955.0,0.0,2.0,2.0,1976.0,1976.0,0.0,8.0,7.0,1694.42857143,1694.42857143,0.0,4.0,4.0,1675.0,1675.0,0.0,4.0,3.0,1720.33333333,1720.33333333,0.0,8.0,7.0,2011.42857143,2011.42857143,0.0,4.0,4.0,2322.5,2322.5,0.0,2.0,2.0,2085.0,2085.0,0.0,2.0,2.0,2560.0,2560.0,0.0,4.0,3.0,1596.66666667,1596.66666667,0.0,2.0,1.0,1620.0,,1.0,2.0,2.0,1585.0,1585.0,0.0,0.0
4376,40.0,35.0,2208.11428571,2122.73529412,1.0,8.0,8.0,2227.5,2227.5,0.0,4.0,4.0,2012.5,2012.5,0.0,2.0,2.0,2070.0,2070.0,0.0,2.0,2.0,1955.0,1955.0,0.0,4.0,4.0,2442.5,2442.5,0.0,2.0,2.0,2255.0,2255.0,0.0,2.0,2.0,2630.0,2630.0,0.0,8.0,7.0,3019.0,3019.0,0.0,4.0,4.0,3188.0,3188.0,0.0,2.0,2.0,2780.5,2780.5,0.0,2.0,2.0,3595.5,3595.5,0.0,4.0,3.0,2793.66666667,2793.66666667,0.0,2.0,1.0,2230.0,,1.0,2.0,2.0,3075.5,3075.5,0.0,8.0,4.0,1617.5,1617.5,0.0,4.0,2.0,1605.0,1605.0,0.0,2.0,0.0,,,0.0,2.0,2.0,1605.0,1605.0,0.0,4.0,2.0,1630.0,1630.0,0.0,2.0,0.0,,,0.0,2.0,2.0,1630.0,1630.0,0.0,8.0,8.0,1888.75,1888.75,0.0,4.0,4.0,2252.5,2252.5,0.0,4.0,4.0,1525.0,1525.0,0.0,8.0,8.0,2093.875,2093.875,0.0,4.0,4.0,2157.75,2157.75,0.0,2.0,2.0,1980.5,1980.5,0.0,2.0,2.0,2335.0,2335.0,0.0,4.0,4.0,2030.0,2030.0,0.0,2.0,2.0,2170.0,2170.0,0.0,2.0,2.0,1890.0,1890.0,0.0,0.0
4377,40.0,33.0,2195.60606061,2103.28125,1.0,8.0,8.0,1838.75,1838.75,0.0,4.0,4.0,2042.5,2042.5,0.0,2.0,2.0,2085.0,2085.0,0.0,2.0,2.0,2000.0,2000.0,0.0,4.0,4.0,1635.0,1635.0,0.0,2.0,2.0,1715.0,1715.0,0.0,2.0,2.0,1555.0,1555.0,0.0,8.0,7.0,3076.14285714,3076.14285714,0.0,4.0,3.0,2604.0,2604.0,0.0,2.0,2.0,3095.5,3095.5,0.0,2.0,1.0,1621.0,,1.0,4.0,4.0,3430.25,3430.25,0.0,2.0,2.0,1890.0,1890.0,0.0,2.0,2.0,4970.5,4970.5,0.0,8.0,6.0,2235.16666667,2235.16666667,0.0,4.0,2.0,1525.0,1525.0,0.0,2.0,0.0,,,0.0,2.0,2.0,1525.0,1525.0,0.0,4.0,4.0,2590.25,2590.25,0.0,2.0,2.0,3040.5,3040.5,0.0,2.0,2.0,2140.0,2140.0,0.0,8.0,4.0,1917.75,1917.75,0.0,4.0,2.0,1695.5,1695.5,0.0,4.0,2.0,2140.0,2140.0,0.0,8.0,8.0,1891.25,1891.25,0.0,4.0,4.0,1862.5,1862.5,0.0,2.0,2.0,1990.0,1990.0,0.0,2.0,2.0,1735.0,1735.0,0.0,4.0,4.0,1920.0,1920.0,0.0,2.0,2.0,1610.0,1610.0,0.0,2.0,2.0,2230.0,2230.0,0.0,1.0
4378,40.0,32.0,2226.65625,2151.70967742,1.0,8.0,8.0,1627.625,1627.625,0.0,4.0,4.0,1612.5,1612.5,0.0,2.0,2.0,1570.0,1570.0,0.0,2.0,2.0,1655.0,1655.0,0.0,4.0,4.0,1642.75,1642.75,0.0,2.0,2.0,1625.0,1625.0,0.0,2.0,2.0,1660.5,1660.5,0.0,8.0,2.0,2730.0,2730.0,0.0,4.0,2.0,2730.0,2730.0,0.0,2.0,1.0,2520.0,,1.0,2.0,1.0,2940.0,,1.0,4.0,0.0,,,0.0,2.0,0.0,,,0.0,2.0,0.0,,,0.0,8.0,7.0,2571.42857143,2571.42857143,0.0,4.0,3.0,2466.66666667,2466.66666667,0.0,2.0,1.0,2710.0,,1.0,2.0,2.0,2345.0,2345.0,0.0,4.0,4.0,2650.0,2650.0,0.0,2.0,2.0,2815.0,2815.0,0.0,2.0,2.0,2485.0,2485.0,0.0,8.0,8.0,2146.375,2146.375,0.0,4.0,4.0,2132.5,2132.5,0.0,4.0,4.0,2160.25,2160.25,0.0,8.0,7.0,2514.42857143,2514.42857143,0.0,4.0,4.0,2717.5,2717.5,0.0,2.0,2.0,3795.0,3795.0,0.0,2.0,2.0,1640.0,1640.0,0.0,4.0,3.0,2243.66666667,2243.66666667,0.0,2.0,1.0,1660.0,,1.0,2.0,2.0,2535.5,2535.5,0.0,0.0
4379,40.0,34.0,2005.70588235,1894.36363636,1.0,8.0,8.0,1416.5,1416.5,0.0,4.0,4.0,1552.75,1552.75,0.0,2.0,2.0,1615.0,1615.0,0.0,2.0,2.0,1490.5,1490.5,0.0,4.0,4.0,1280.25,1280.25,0.0,2.0,2.0,1375.0,1375.0,0.0,2.0,2.0,1185.5,1185.5,0.0,8.0,6.0,3373.33333333,3373.33333333,0.0,4.0,3.0,2880.0,2880.0,0.0,2.0,2.0,3355.0,3355.0,0.0,2.0,1.0,1930.0,,1.0,4.0,3.0,3866.66666667,3866.66666667,0.0,2.0,2.0,3510.0,3510.0,0.0,2.0,1.0,4580.0,,1.0,8.0,5.0,2322.0,2322.0,0.0,4.0,2.0,1340.0,1340.0,0.0,2.0,0.0,,,0.0,2.0,2.0,1340.0,1340.0,0.0,4.0,3.0,2976.66666667,2976.66666667,0.0,2.0,1.0,1200.0,,1.0,2.0,2.0,3865.0,3865.0,0.0,8.0,8.0,1525.125,1525.125,0.0,4.0,4.0,1535.25,1535.25,0.0,4.0,4.0,1515.0,1515.0,0.0,8.0,7.0,1830.14285714,1830.14285714,0.0,4.0,4.0,2122.5,2122.5,0.0,2.0,2.0,1680.0,1680.0,0.0,2.0,2.0,2565.0,2565.0,0.0,4.0,3.0,1440.33333333,1440.33333333,0.0,2.0,1.0,1350.0,,1.0,2.0,2.0,1485.5,1485.5,0.0,0.0
4380,40.0,29.0,3159.20689655,2960.92857143,1.0,8.0,7.0,4130.42857143,4130.42857143,0.0,4.0,4.0,4278.0,4278.0,0.0,2.0,2.0,6035.5,6035.5,0.0,2.0,2.0,2520.5,2520.5,0.0,4.0,3.0,3933.66666667,3933.66666667,0.0,2.0,2.0,4790.0,4790.0,0.0,2.0,1.0,2221.0,,1.0,8.0,5.0,3506.2,3506.2,0.0,4.0,3.0,3620.33333333,3620.33333333,0.0,2.0,2.0,3825.0,3825.0,0.0,2.0,1.0,3211.0,,1.0,4.0,2.0,3335.0,3335.0,0.0,2.0,2.0,3335.0,3335.0,0.0,2.0,0.0,,,0.0,8.0,7.0,2457.28571429,2457.28571429,0.0,4.0,4.0,3030.25,3030.25,0.0,2.0,2.0,4210.5,4210.5,0.0,2.0,2.0,1850.0,1850.0,0.0,4.0,3.0,1693.33333333,1693.33333333,0.0,2.0,1.0,1890.0,,1.0,2.0,2.0,1595.0,1595.0,0.0,8.0,4.0,2402.75,2402.75,0.0,4.0,2.0,2050.5,2050.5,0.0,4.0,2.0,2755.0,2755.0,0.0,8.0,6.0,3060.16666667,3060.16666667,0.0,4.0,3.0,3843.33333333,3843.33333333,0.0,2.0,1.0,3480.0,,1.0,2.0,2.0,4025.0,4025.0,0.0,4.0,3.0,2277.0,2277.0,0.0,2.0,1.0,2950.0,,1.0,2.0,2.0,1940.5,1940.5,0.0,1.0
4381,40.0,31.0,3628.90322581,3628.90322581,0.0,8.0,8.0,2661.375,2661.375,0.0,4.0,4.0,1265.0,1265.0,0.0,2.0,2.0,1360.0,1360.0,0.0,2.0,2.0,1170.0,1170.0,0.0,4.0,4.0,4057.75,4057.75,0.0,2.0,2.0,1105.0,1105.0,0.0,2.0,2.0,7010.5,7010.5,0.0,8.0,5.0,5054.2,5054.2,0.0,4.0,2.0,2200.0,2200.0,0.0,2.0,1.0,2610.0,,1.0,2.0,1.0,1790.0,,1.0,4.0,3.0,6957.0,6957.0,0.0,2.0,2.0,7135.5,7135.5,0.0,2.0,1.0,6600.0,,1.0,8.0,6.0,4597.0,4597.0,0.0,4.0,3.0,4623.66666667,4623.66666667,0.0,2.0,1.0,11141.0,,1.0,2.0,2.0,1365.0,1365.0,0.0,4.0,3.0,4570.33333333,4570.33333333,0.0,2.0,1.0,10981.0,,1.0,2.0,2.0,1365.0,1365.0,0.0,8.0,4.0,5632.75,5632.75,0.0,4.0,3.0,5903.66666667,5903.66666667,0.0,4.0,1.0,4820.0,,1.0,8.0,8.0,1977.625,1977.625,0.0,4.0,4.0,2135.25,2135.25,0.0,2.0,2.0,1760.0,1760.0,0.0,2.0,2.0,2510.5,2510.5,0.0,4.0,4.0,1820.0,1820.0,0.0,2.0,2.0,1510.0,1510.0,0.0,2.0,2.0,2130.0,2130.0,0.0,0.0
4382,40.0,36.0,2605.77777778,2605.77777778,0.0,8.0,8.0,1638.75,1638.75,0.0,4.0,4.0,1677.5,1677.5,0.0,2.0,2.0,1725.0,1725.0,0.0,2.0,2.0,1630.0,1630.0,0.0,4.0,4.0,1600.0,1600.0,0.0,2.0,2.0,1910.0,1910.0,0.0,2.0,2.0,1290.0,1290.0,0.0,8.0,7.0,3936.28571429,3936.28571429,0.0,4.0,3.0,4687.66666667,4687.66666667,0.0,2.0,2.0,3975.0,3975.0,0.0,2.0,1.0,6113.0,,1.0,4.0,4.0,3372.75,3372.75,0.0,2.0,2.0,4435.0,4435.0,0.0,2.0,2.0,2310.5,2310.5,0.0,8.0,7.0,2357.42857143,2357.42857143,0.0,4.0,3.0,2720.0,2720.0,0.0,2.0,1.0,5210.0,,1.0,2.0,2.0,1475.0,1475.0,0.0,4.0,4.0,2085.5,2085.5,0.0,2.0,2.0,2670.5,2670.5,0.0,2.0,2.0,1500.5,1500.5,0.0,8.0,6.0,2270.16666667,2270.16666667,0.0,4.0,3.0,1730.0,1730.0,0.0,4.0,3.0,2810.33333333,2810.33333333,0.0,8.0,8.0,2877.625,2877.625,0.0,4.0,4.0,3042.5,3042.5,0.0,2.0,2.0,4660.0,4660.0,0.0,2.0,2.0,1425.0,1425.0,0.0,4.0,4.0,2712.75,2712.75,0.0,2.0,2.0,4275.5,4275.5,0.0,2.0,2.0,1150.0,1150.0,0.0,1.0
4383,40.0,32.0,1923.8125,1923.8125,0.0,8.0,8.0,1702.625,1702.625,0.0,4.0,4.0,1670.0,1670.0,0.0,2.0,2.0,2115.0,2115.0,0.0,2.0,2.0,1225.0,1225.0,0.0,4.0,4.0,1735.25,1735.25,0.0,2.0,2.0,1715.5,1715.5,0.0,2.0,2.0,1755.0,1755.0,0.0,8.0,8.0,2117.5,2117.5,0.0,4.0,4.0,2545.0,2545.0,0.0,2.0,2.0,2805.0,2805.0,0.0,2.0,2.0,2285.0,2285.0,0.0,4.0,4.0,1690.0,1690.0,0.0,2.0,2.0,1660.0,1660.0,0.0,2.0,2.0,1720.0,1720.0,0.0,8.0,4.0,2657.75,2657.75,0.0,4.0,1.0,1410.0,,1.0,2.0,0.0,,,0.0,2.0,1.0,1410.0,,1.0,4.0,3.0,3073.66666667,3073.66666667,0.0,2.0,2.0,3270.5,3270.5,0.0,2.0,1.0,2680.0,,1.0,8.0,8.0,1570.0,1570.0,0.0,4.0,4.0,1875.0,1875.0,0.0,4.0,4.0,1265.0,1265.0,0.0,8.0,4.0,1952.5,1952.5,0.0,4.0,2.0,2010.0,2010.0,0.0,2.0,1.0,1950.0,,1.0,2.0,1.0,2070.0,,1.0,4.0,2.0,1895.0,1895.0,0.0,2.0,1.0,2170.0,,1.0,2.0,1.0,1620.0,,1.0,0.0
4384,40.0,30.0,2854.46666667,2716.65517241,1.0,8.0,8.0,2458.875,2458.875,0.0,4.0,4.0,2652.5,2652.5,0.0,2.0,2.0,2215.0,2215.0,0.0,2.0,2.0,3090.0,3090.0,0.0,4.0,4.0,2265.25,2265.25,0.0,2.0,2.0,2460.0,2460.0,0.0,2.0,2.0,2070.5,2070.5,0.0,8.0,3.0,5260.33333333,5260.33333333,0.0,4.0,2.0,6350.5,6350.5,0.0,2.0,1.0,6851.0,,1.0,2.0,1.0,5850.0,,1.0,4.0,1.0,3080.0,,1.0,2.0,0.0,,,0.0,2.0,1.0,3080.0,,1.0,8.0,7.0,2708.71428571,2708.71428571,0.0,4.0,4.0,2417.5,2417.5,0.0,2.0,2.0,2910.0,2910.0,0.0,2.0,2.0,1925.0,1925.0,0.0,4.0,3.0,3097.0,3097.0,0.0,2.0,1.0,3811.0,,1.0,2.0,2.0,2740.0,2740.0,0.0,8.0,6.0,2155.0,2155.0,0.0,4.0,3.0,1843.33333333,1843.33333333,0.0,4.0,3.0,2466.66666667,2466.66666667,0.0,8.0,6.0,3048.5,3048.5,0.0,4.0,4.0,3605.25,3605.25,0.0,2.0,2.0,3360.5,3360.5,0.0,2.0,2.0,3850.0,3850.0,0.0,4.0,2.0,1935.0,1935.0,0.0,2.0,0.0,,,0.0,2.0,2.0,1935.0,1935.0,0.0,1.0
4385,40.0,29.0,3011.24137931,2738.78571429,1.0,8.0,8.0,2915.0,2915.0,0.0,4.0,4.0,3965.0,3965.0,0.0,2.0,2.0,6075.0,6075.0,0.0,2.0,2.0,1855.0,1855.0,0.0,4.0,4.0,1865.0,1865.0,0.0,2.0,2.0,1505.0,1505.0,0.0,2.0,2.0,2225.0,2225.0,0.0,8.0,4.0,5155.25,5155.25,0.0,4.0,2.0,5505.0,5505.0,0.0,2.0,1.0,3400.0,,1.0,2.0,1.0,7610.0,,1.0,4.0,2.0,4805.5,4805.5,0.0,2.0,1.0,3891.0,,1.0,2.0,1.0,5720.0,,1.0,8.0,4.0,3330.25,3330.25,0.0,4.0,1.0,1770.0,,1.0,2.0,0.0,,,0.0,2.0,1.0,1770.0,,1.0,4.0,3.0,3850.33333333,3850.33333333,0.0,2.0,1.0,4930.0,,1.0,2.0,2.0,3310.5,3310.5,0.0,8.0,7.0,1667.42857143,1667.42857143,0.0,4.0,4.0,1635.5,1635.5,0.0,4.0,3.0,1710.0,1710.0,0.0,8.0,6.0,3065.33333333,3065.33333333,0.0,4.0,2.0,2710.5,2710.5,0.0,2.0,2.0,2710.5,2710.5,0.0,2.0,0.0,,,0.0,4.0,4.0,3242.75,3242.75,0.0,2.0,2.0,3240.5,3240.5,0.0,2.0,2.0,3245.0,3245.0,0.0,1.0
4386,40.0,29.0,2629.86206897,2629.86206897,0.0,8.0,8.0,2657.875,2657.875,0.0,4.0,4.0,2575.5,2575.5,0.0,2.0,2.0,3016.0,3016.0,0.0,2.0,2.0,2135.0,2135.0,0.0,4.0,4.0,2740.25,2740.25,0.0,2.0,2.0,2960.5,2960.5,0.0,2.0,2.0,2520.0,2520.0,0.0,8.0,8.0,2371.5,2371.5,0.0,4.0,4.0,2887.75,2887.75,0.0,2.0,2.0,3670.0,3670.0,0.0,2.0,2.0,2105.5,2105.5,0.0,4.0,4.0,1855.25,1855.25,0.0,2.0,2.0,1770.5,1770.5,0.0,2.0,2.0,1940.0,1940.0,0.0,8.0,6.0,2835.0,2835.0,0.0,4.0,3.0,2820.0,2820.0,0.0,2.0,1.0,2480.0,,1.0,2.0,2.0,2990.0,2990.0,0.0,4.0,3.0,2850.0,2850.0,0.0,2.0,1.0,3830.0,,1.0,2.0,2.0,2360.0,2360.0,0.0,8.0,0.0,,,0.0,4.0,0.0,,,0.0,4.0,0.0,,,0.0,8.0,7.0,2717.28571429,2717.28571429,0.0,4.0,3.0,2843.33333333,2843.33333333,0.0,2.0,1.0,3700.0,,1.0,2.0,2.0,2415.0,2415.0,0.0,4.0,4.0,2622.75,2622.75,0.0,2.0,2.0,2315.5,2315.5,0.0,2.0,2.0,2930.0,2930.0,0.0,0.0
4388,40.0,33.0,3082.96969697,3082.96969697,0.0,8.0,8.0,2776.625,2776.625,0.0,4.0,4.0,4070.5,4070.5,0.0,2.0,2.0,5506.0,5506.0,0.0,2.0,2.0,2635.0,2635.0,0.0,4.0,4.0,1482.75,1482.75,0.0,2.0,2.0,1445.0,1445.0,0.0,2.0,2.0,1520.5,1520.5,0.0,8.0,6.0,2771.83333333,2771.83333333,0.0,4.0,3.0,2820.0,2820.0,0.0,2.0,1.0,2330.0,,1.0,2.0,2.0,3065.0,3065.0,0.0,4.0,3.0,2723.66666667,2723.66666667,0.0,2.0,2.0,1690.5,1690.5,0.0,2.0,1.0,4790.0,,1.0,8.0,5.0,4154.4,4154.4,0.0,4.0,2.0,2160.0,2160.0,0.0,2.0,0.0,,,0.0,2.0,2.0,2160.0,2160.0,0.0,4.0,3.0,5484.0,5484.0,0.0,2.0,1.0,4971.0,,1.0,2.0,2.0,5740.5,5740.5,0.0,8.0,8.0,1600.0,1600.0,0.0,4.0,4.0,1665.0,1665.0,0.0,4.0,4.0,1535.0,1535.0,0.0,8.0,6.0,4887.0,4887.0,0.0,4.0,4.0,4660.5,4660.5,0.0,2.0,2.0,4415.0,4415.0,0.0,2.0,2.0,4906.0,4906.0,0.0,4.0,2.0,5340.0,5340.0,0.0,2.0,1.0,8440.0,,1.0,2.0,1.0,2240.0,,1.0,0.0
4389,40.0,33.0,1467.39393939,1334.8125,1.0,8.0,8.0,1181.25,1181.25,0.0,4.0,4.0,1302.5,1302.5,0.0,2.0,2.0,1055.0,1055.0,0.0,2.0,2.0,1550.0,1550.0,0.0,4.0,4.0,1060.0,1060.0,0.0,2.0,2.0,1150.0,1150.0,0.0,2.0,2.0,970.0,970.0,0.0,8.0,8.0,1468.875,1468.875,0.0,4.0,4.0,1622.5,1622.5,0.0,2.0,2.0,1895.0,1895.0,0.0,2.0,2.0,1350.0,1350.0,0.0,4.0,4.0,1315.25,1315.25,0.0,2.0,2.0,1275.5,1275.5,0.0,2.0,2.0,1355.0,1355.0,0.0,8.0,3.0,1874.0,1874.0,0.0,4.0,1.0,1881.0,,1.0,2.0,0.0,,,0.0,2.0,1.0,1881.0,,1.0,4.0,2.0,1870.5,1870.5,0.0,2.0,1.0,1371.0,,1.0,2.0,1.0,2370.0,,1.0,8.0,8.0,995.0,995.0,0.0,4.0,4.0,780.0,780.0,0.0,4.0,4.0,1210.0,1210.0,0.0,8.0,6.0,2273.5,2273.5,0.0,4.0,3.0,2836.66666667,2836.66666667,0.0,2.0,2.0,3595.0,3595.0,0.0,2.0,1.0,1320.0,,1.0,4.0,3.0,1710.33333333,1710.33333333,0.0,2.0,2.0,1715.5,1715.5,0.0,2.0,1.0,1700.0,,1.0,0.0
4390,40.0,33.0,2168.96969697,2168.96969697,0.0,8.0,8.0,1920.375,1920.375,0.0,4.0,4.0,2080.5,2080.5,0.0,2.0,2.0,2575.5,2575.5,0.0,2.0,2.0,1585.5,1585.5,0.0,4.0,4.0,1760.25,1760.25,0.0,2.0,2.0,1620.5,1620.5,0.0,2.0,2.0,1900.0,1900.0,0.0,8.0,6.0,2640.16666667,2640.16666667,0.0,4.0,3.0,2530.33333333,2530.33333333,0.0,2.0,2.0,2915.5,2915.5,0.0,2.0,1.0,1760.0,,1.0,4.0,3.0,2750.0,2750.0,0.0,2.0,2.0,2180.0,2180.0,0.0,2.0,1.0,3890.0,,1.0,8.0,6.0,2413.33333333,2413.33333333,0.0,4.0,3.0,2463.33333333,2463.33333333,0.0,2.0,1.0,4400.0,,1.0,2.0,2.0,1495.0,1495.0,0.0,4.0,3.0,2363.33333333,2363.33333333,0.0,2.0,1.0,3530.0,,1.0,2.0,2.0,1780.0,1780.0,0.0,8.0,8.0,1854.0,1854.0,0.0,4.0,4.0,1715.25,1715.25,0.0,4.0,4.0,1992.75,1992.75,0.0,8.0,5.0,2212.0,2212.0,0.0,4.0,3.0,2430.0,2430.0,0.0,2.0,2.0,2355.0,2355.0,0.0,2.0,1.0,2580.0,,1.0,4.0,2.0,1885.0,1885.0,0.0,2.0,0.0,,,0.0,2.0,2.0,1885.0,1885.0,0.0,0.0
4391,40.0,29.0,2080.10344828,2080.10344828,0.0,8.0,8.0,1442.5,1442.5,0.0,4.0,4.0,1607.5,1607.5,0.0,2.0,2.0,1615.0,1615.0,0.0,2.0,2.0,1600.0,1600.0,0.0,4.0,4.0,1277.5,1277.5,0.0,2.0,2.0,1220.0,1220.0,0.0,2.0,2.0,1335.0,1335.0,0.0,8.0,7.0,2455.71428571,2455.71428571,0.0,4.0,3.0,2603.33333333,2603.33333333,0.0,2.0,1.0,2520.0,,1.0,2.0,2.0,2645.0,2645.0,0.0,4.0,4.0,2345.0,2345.0,0.0,2.0,2.0,2265.0,2265.0,0.0,2.0,2.0,2425.0,2425.0,0.0,8.0,4.0,1497.5,1497.5,0.0,4.0,2.0,1560.0,1560.0,0.0,2.0,0.0,,,0.0,2.0,2.0,1560.0,1560.0,0.0,4.0,2.0,1435.0,1435.0,0.0,2.0,1.0,1660.0,,1.0,2.0,1.0,1210.0,,1.0,8.0,6.0,3092.16666667,3092.16666667,0.0,4.0,3.0,3250.33333333,3250.33333333,0.0,4.0,3.0,2934.0,2934.0,0.0,8.0,4.0,1762.5,1762.5,0.0,4.0,3.0,1930.0,1930.0,0.0,2.0,2.0,1595.0,1595.0,0.0,2.0,1.0,2600.0,,1.0,4.0,1.0,1260.0,,1.0,2.0,0.0,,,0.0,2.0,1.0,1260.0,,1.0,0.0
4392,40.0,35.0,2315.51428571,2315.51428571,0.0,8.0,8.0,1887.5,1887.5,0.0,4.0,4.0,2387.5,2387.5,0.0,2.0,2.0,2920.0,2920.0,0.0,2.0,2.0,1855.0,1855.0,0.0,4.0,4.0,1387.5,1387.5,0.0,2.0,2.0,1435.0,1435.0,0.0,2.0,2.0,1340.0,1340.0,0.0,8.0,7.0,2938.71428571,2938.71428571,0.0,4.0,3.0,3167.0,3167.0,0.0,2.0,2.0,3170.0,3170.0,0.0,2.0,1.0,3161.0,,1.0,4.0,4.0,2767.5,2767.5,0.0,2.0,2.0,1925.0,1925.0,0.0,2.0,2.0,3610.0,3610.0,0.0,8.0,6.0,1888.33333333,1888.33333333,0.0,4.0,3.0,1503.33333333,1503.33333333,0.0,2.0,1.0,1930.0,,1.0,2.0,2.0,1290.0,1290.0,0.0,4.0,3.0,2273.33333333,2273.33333333,0.0,2.0,2.0,2805.0,2805.0,0.0,2.0,1.0,1210.0,,1.0,8.0,8.0,1952.75,1952.75,0.0,4.0,4.0,1865.25,1865.25,0.0,4.0,4.0,2040.25,2040.25,0.0,8.0,6.0,3070.0,3070.0,0.0,4.0,4.0,2452.5,2452.5,0.0,2.0,2.0,1620.0,1620.0,0.0,2.0,2.0,3285.0,3285.0,0.0,4.0,2.0,4305.0,4305.0,0.0,2.0,1.0,5140.0,,1.0,2.0,1.0,3470.0,,1.0,0.0
4393,40.0,35.0,1534.37142857,1371.82352941,1.0,8.0,8.0,1567.5,1567.5,0.0,4.0,4.0,1647.5,1647.5,0.0,2.0,2.0,1615.0,1615.0,0.0,2.0,2.0,1680.0,1680.0,0.0,4.0,4.0,1487.5,1487.5,0.0,2.0,2.0,1580.0,1580.0,0.0,2.0,2.0,1395.0,1395.0,0.0,8.0,8.0,2271.375,2271.375,0.0,4.0,4.0,3020.25,3020.25,0.0,2.0,2.0,4200.5,4200.5,0.0,2.0,2.0,1840.0,1840.0,0.0,4.0,4.0,1522.5,1522.5,0.0,2.0,2.0,1450.0,1450.0,0.0,2.0,2.0,1595.0,1595.0,0.0,8.0,5.0,1050.2,1050.2,0.0,4.0,2.0,1000.0,1000.0,0.0,2.0,0.0,,,0.0,2.0,2.0,1000.0,1000.0,0.0,4.0,3.0,1083.66666667,1083.66666667,0.0,2.0,1.0,1550.0,,1.0,2.0,2.0,850.5,850.5,0.0,8.0,6.0,1511.83333333,1511.83333333,0.0,4.0,4.0,1445.25,1445.25,0.0,4.0,2.0,1645.0,1645.0,0.0,8.0,8.0,1083.75,1083.75,0.0,4.0,4.0,1155.0,1155.0,0.0,2.0,2.0,1315.0,1315.0,0.0,2.0,2.0,995.0,995.0,0.0,4.0,4.0,1012.5,1012.5,0.0,2.0,2.0,1200.0,1200.0,0.0,2.0,2.0,825.0,825.0,0.0,0.0
4394,40.0,28.0,1498.28571429,1455.25925926,1.0,8.0,6.0,1441.83333333,1441.83333333,0.0,4.0,3.0,1620.33333333,1620.33333333,0.0,2.0,2.0,1725.0,1725.0,0.0,2.0,1.0,1411.0,,1.0,4.0,3.0,1263.33333333,1263.33333333,0.0,2.0,2.0,1275.0,1275.0,0.0,2.0,1.0,1240.0,,1.0,8.0,3.0,1800.33333333,1800.33333333,0.0,4.0,2.0,2085.0,2085.0,0.0,2.0,0.0,,,0.0,2.0,2.0,2085.0,2085.0,0.0,4.0,1.0,1231.0,,1.0,2.0,1.0,1231.0,,1.0,2.0,0.0,,,0.0,8.0,5.0,1412.0,1412.0,0.0,4.0,1.0,1340.0,,1.0,2.0,0.0,,,0.0,2.0,1.0,1340.0,,1.0,4.0,4.0,1430.0,1430.0,0.0,2.0,2.0,1535.0,1535.0,0.0,2.0,2.0,1325.0,1325.0,0.0,8.0,8.0,1446.25,1446.25,0.0,4.0,4.0,1622.5,1622.5,0.0,4.0,4.0,1270.0,1270.0,0.0,8.0,6.0,1545.0,1545.0,0.0,4.0,4.0,1550.0,1550.0,0.0,2.0,2.0,1650.0,1650.0,0.0,2.0,2.0,1450.0,1450.0,0.0,4.0,2.0,1535.0,1535.0,0.0,2.0,1.0,1720.0,,1.0,2.0,1.0,1350.0,,1.0,0.0
4395,40.0,33.0,1757.12121212,1757.12121212,0.0,8.0,8.0,1757.75,1757.75,0.0,4.0,4.0,2017.75,2017.75,0.0,2.0,2.0,1825.5,1825.5,0.0,2.0,2.0,2210.0,2210.0,0.0,4.0,4.0,1497.75,1497.75,0.0,2.0,2.0,1415.0,1415.0,0.0,2.0,2.0,1580.5,1580.5,0.0,8.0,7.0,1683.0,1683.0,0.0,4.0,3.0,1880.33333333,1880.33333333,0.0,2.0,1.0,1651.0,,1.0,2.0,2.0,1995.0,1995.0,0.0,4.0,4.0,1535.0,1535.0,0.0,2.0,2.0,1020.0,1020.0,0.0,2.0,2.0,2050.0,2050.0,0.0,8.0,4.0,2177.5,2177.5,0.0,4.0,3.0,2316.66666667,2316.66666667,0.0,2.0,1.0,3270.0,,1.0,2.0,2.0,1840.0,1840.0,0.0,4.0,1.0,1760.0,,1.0,2.0,1.0,1760.0,,1.0,2.0,0.0,,,0.0,8.0,7.0,1660.14285714,1660.14285714,0.0,4.0,4.0,1620.0,1620.0,0.0,4.0,3.0,1713.66666667,1713.66666667,0.0,8.0,7.0,1687.28571429,1687.28571429,0.0,4.0,4.0,1960.0,1960.0,0.0,2.0,2.0,2165.0,2165.0,0.0,2.0,2.0,1755.0,1755.0,0.0,4.0,3.0,1323.66666667,1323.66666667,0.0,2.0,1.0,1021.0,,1.0,2.0,2.0,1475.0,1475.0,0.0,0.0
4396,40.0,26.0,1606.96153846,1606.96153846,0.0,8.0,6.0,1411.66666667,1411.66666667,0.0,4.0,3.0,1710.0,1710.0,0.0,2.0,2.0,2035.0,2035.0,0.0,2.0,1.0,1060.0,,1.0,4.0,3.0,1113.33333333,1113.33333333,0.0,2.0,1.0,1640.0,,1.0,2.0,2.0,850.0,850.0,0.0,8.0,2.0,2310.5,2310.5,0.0,4.0,1.0,2511.0,,1.0,2.0,0.0,,,0.0,2.0,1.0,2511.0,,1.0,4.0,1.0,2110.0,,1.0,2.0,1.0,2110.0,,1.0,2.0,0.0,,,0.0,8.0,4.0,2340.0,2340.0,0.0,4.0,1.0,4230.0,,1.0,2.0,0.0,,,0.0,2.0,1.0,4230.0,,1.0,4.0,3.0,1710.0,1710.0,0.0,2.0,1.0,2400.0,,1.0,2.0,2.0,1365.0,1365.0,0.0,8.0,6.0,1615.0,1615.0,0.0,4.0,4.0,1205.0,1205.0,0.0,4.0,2.0,2435.0,2435.0,0.0,8.0,8.0,1205.0,1205.0,0.0,4.0,4.0,1140.0,1140.0,0.0,2.0,2.0,1165.0,1165.0,0.0,2.0,2.0,1115.0,1115.0,0.0,4.0,4.0,1270.0,1270.0,0.0,2.0,2.0,970.0,970.0,0.0,2.0,2.0,1570.0,1570.0,0.0,0.0
4397,40.0,35.0,1601.8,1549.20588235,1.0,8.0,8.0,1803.875,1803.875,0.0,4.0,4.0,1782.75,1782.75,0.0,2.0,2.0,1925.0,1925.0,0.0,2.0,2.0,1640.5,1640.5,0.0,4.0,4.0,1825.0,1825.0,0.0,2.0,2.0,1850.0,1850.0,0.0,2.0,2.0,1800.0,1800.0,0.0,8.0,6.0,1846.83333333,1846.83333333,0.0,4.0,2.0,2500.0,2500.0,0.0,2.0,1.0,3390.0,,1.0,2.0,1.0,1610.0,,1.0,4.0,4.0,1520.25,1520.25,0.0,2.0,2.0,1895.5,1895.5,0.0,2.0,2.0,1145.0,1145.0,0.0,8.0,6.0,1596.66666667,1596.66666667,0.0,4.0,3.0,1833.33333333,1833.33333333,0.0,2.0,1.0,2450.0,,1.0,2.0,2.0,1525.0,1525.0,0.0,4.0,3.0,1360.0,1360.0,0.0,2.0,1.0,1510.0,,1.0,2.0,2.0,1285.0,1285.0,0.0,8.0,8.0,1456.25,1456.25,0.0,4.0,4.0,1502.5,1502.5,0.0,4.0,4.0,1410.0,1410.0,0.0,8.0,7.0,1331.57142857,1331.57142857,0.0,4.0,4.0,1357.75,1357.75,0.0,2.0,2.0,1750.5,1750.5,0.0,2.0,2.0,965.0,965.0,0.0,4.0,3.0,1296.66666667,1296.66666667,0.0,2.0,1.0,1560.0,,1.0,2.0,2.0,1165.0,1165.0,0.0,0.0
4398,40.0,35.0,1601.8,1549.20588235,1.0,8.0,8.0,1803.875,1803.875,0.0,4.0,4.0,1782.75,1782.75,0.0,2.0,2.0,1925.0,1925.0,0.0,2.0,2.0,1640.5,1640.5,0.0,4.0,4.0,1825.0,1825.0,0.0,2.0,2.0,1850.0,1850.0,0.0,2.0,2.0,1800.0,1800.0,0.0,8.0,6.0,1846.83333333,1846.83333333,0.0,4.0,2.0,2500.0,2500.0,0.0,2.0,1.0,3390.0,,1.0,2.0,1.0,1610.0,,1.0,4.0,4.0,1520.25,1520.25,0.0,2.0,2.0,1895.5,1895.5,0.0,2.0,2.0,1145.0,1145.0,0.0,8.0,6.0,1596.66666667,1596.66666667,0.0,4.0,3.0,1833.33333333,1833.33333333,0.0,2.0,1.0,2450.0,,1.0,2.0,2.0,1525.0,1525.0,0.0,4.0,3.0,1360.0,1360.0,0.0,2.0,1.0,1510.0,,1.0,2.0,2.0,1285.0,1285.0,0.0,8.0,8.0,1456.25,1456.25,0.0,4.0,4.0,1502.5,1502.5,0.0,4.0,4.0,1410.0,1410.0,0.0,8.0,7.0,1331.57142857,1331.57142857,0.0,4.0,4.0,1357.75,1357.75,0.0,2.0,2.0,1750.5,1750.5,0.0,2.0,2.0,965.0,965.0,0.0,4.0,3.0,1296.66666667,1296.66666667,0.0,2.0,1.0,1560.0,,1.0,2.0,2.0,1165.0,1165.0,0.0,0.0
4399,,,,,,,,,,,,,,,,,,,,,,,,,,,,,,,,,,,,,,,,,,,,,,,,,,,,,,,,,,,,,,,,,,,,,,,,,,,,,,,,,,,,,,,,,,,,,,,,,,,,,,,,,,,,,,,,,,,,,,,,,,,,,,,,,,,,,,,,,,,,,,,,,,,,,,,,,,,,,,,,,0.0
4401,40.0,36.0,2449.86111111,2255.0,1.0,8.0,8.0,2749.125,2749.125,0.0,4.0,4.0,2680.5,2680.5,0.0,2.0,2.0,2690.5,2690.5,0.0,2.0,2.0,2670.5,2670.5,0.0,4.0,4.0,2817.75,2817.75,0.0,2.0,2.0,1430.0,1430.0,0.0,2.0,2.0,4205.5,4205.5,0.0,8.0,6.0,3400.16666667,3400.16666667,0.0,4.0,3.0,4440.0,4440.0,0.0,2.0,1.0,2540.0,,1.0,2.0,2.0,5390.0,5390.0,0.0,4.0,3.0,2360.33333333,2360.33333333,0.0,2.0,2.0,2025.5,2025.5,0.0,2.0,1.0,3030.0,,1.0,8.0,6.0,1750.0,1750.0,0.0,4.0,3.0,1606.66666667,1606.66666667,0.0,2.0,1.0,2090.0,,1.0,2.0,2.0,1365.0,1365.0,0.0,4.0,3.0,1893.33333333,1893.33333333,0.0,2.0,1.0,2350.0,,1.0,2.0,2.0,1665.0,1665.0,0.0,8.0,8.0,2162.5,2162.5,0.0,4.0,4.0,1495.0,1495.0,0.0,4.0,4.0,2830.0,2830.0,0.0,8.0,8.0,2250.125,2250.125,0.0,4.0,4.0,1650.0,1650.0,0.0,2.0,2.0,1920.0,1920.0,0.0,2.0,2.0,1380.0,1380.0,0.0,4.0,4.0,2850.25,2850.25,0.0,2.0,2.0,4445.0,4445.0,0.0,2.0,2.0,1255.5,1255.5,0.0,0.0
4402,40.0,35.0,1976.68571429,1905.70588235,1.0,8.0,8.0,1647.75,1647.75,0.0,4.0,4.0,1563.0,1563.0,0.0,2.0,2.0,1150.5,1150.5,0.0,2.0,2.0,1975.5,1975.5,0.0,4.0,4.0,1732.5,1732.5,0.0,2.0,2.0,1840.0,1840.0,0.0,2.0,2.0,1625.0,1625.0,0.0,8.0,6.0,2483.5,2483.5,0.0,4.0,3.0,2240.0,2240.0,0.0,2.0,1.0,1650.0,,1.0,2.0,2.0,2535.0,2535.0,0.0,4.0,3.0,2727.0,2727.0,0.0,2.0,2.0,2295.0,2295.0,0.0,2.0,1.0,3591.0,,1.0,8.0,8.0,2207.5,2207.5,0.0,4.0,4.0,2670.0,2670.0,0.0,2.0,2.0,3470.0,3470.0,0.0,2.0,2.0,1870.0,1870.0,0.0,4.0,4.0,1745.0,1745.0,0.0,2.0,2.0,2060.0,2060.0,0.0,2.0,2.0,1430.0,1430.0,0.0,8.0,6.0,1966.66666667,1966.66666667,0.0,4.0,3.0,1953.33333333,1953.33333333,0.0,4.0,3.0,1980.0,1980.0,0.0,8.0,7.0,1663.0,1663.0,0.0,4.0,4.0,1372.5,1372.5,0.0,2.0,2.0,1330.0,1330.0,0.0,2.0,2.0,1415.0,1415.0,0.0,4.0,3.0,2050.33333333,2050.33333333,0.0,2.0,1.0,3021.0,,1.0,2.0,2.0,1565.0,1565.0,0.0,1.0
4403,40.0,27.0,4160.25925926,4160.25925926,0.0,8.0,6.0,3845.16666667,3845.16666667,0.0,4.0,4.0,4535.25,4535.25,0.0,2.0,2.0,6300.0,6300.0,0.0,2.0,2.0,2770.5,2770.5,0.0,4.0,2.0,2465.0,2465.0,0.0,2.0,1.0,2690.0,,1.0,2.0,1.0,2240.0,,1.0,8.0,5.0,6788.4,6788.4,0.0,4.0,2.0,6025.5,6025.5,0.0,2.0,2.0,6025.5,6025.5,0.0,2.0,0.0,,,0.0,4.0,3.0,7297.0,7297.0,0.0,2.0,2.0,8135.5,8135.5,0.0,2.0,1.0,5620.0,,1.0,8.0,6.0,3132.0,3132.0,0.0,4.0,3.0,3023.66666667,3023.66666667,0.0,2.0,1.0,4160.0,,1.0,2.0,2.0,2455.5,2455.5,0.0,4.0,3.0,3240.33333333,3240.33333333,0.0,2.0,1.0,1940.0,,1.0,2.0,2.0,3890.5,3890.5,0.0,8.0,5.0,2834.4,2834.4,0.0,4.0,3.0,2957.0,2957.0,0.0,4.0,2.0,2650.5,2650.5,0.0,8.0,5.0,4470.0,4470.0,0.0,4.0,2.0,6105.0,6105.0,0.0,2.0,1.0,10010.0,,1.0,2.0,1.0,2200.0,,1.0,4.0,3.0,3380.0,3380.0,0.0,2.0,1.0,3840.0,,1.0,2.0,2.0,3150.0,3150.0,0.0,0.0
4404,40.0,32.0,1765.1875,1765.1875,0.0,8.0,8.0,1751.375,1751.375,0.0,4.0,4.0,1877.5,1877.5,0.0,2.0,2.0,2150.0,2150.0,0.0,2.0,2.0,1605.0,1605.0,0.0,4.0,4.0,1625.25,1625.25,0.0,2.0,2.0,1440.5,1440.5,0.0,2.0,2.0,1810.0,1810.0,0.0,8.0,7.0,1874.57142857,1874.57142857,0.0,4.0,3.0,2163.66666667,2163.66666667,0.0,2.0,2.0,2385.5,2385.5,0.0,2.0,1.0,1720.0,,1.0,4.0,4.0,1657.75,1657.75,0.0,2.0,2.0,1205.0,1205.0,0.0,2.0,2.0,2110.5,2110.5,0.0,8.0,6.0,2020.16666667,2020.16666667,0.0,4.0,4.0,2030.0,2030.0,0.0,2.0,2.0,2805.0,2805.0,0.0,2.0,2.0,1255.0,1255.0,0.0,4.0,2.0,2000.5,2000.5,0.0,2.0,1.0,2221.0,,1.0,2.0,1.0,1780.0,,1.0,8.0,4.0,1835.0,1835.0,0.0,4.0,2.0,1710.0,1710.0,0.0,4.0,2.0,1960.0,1960.0,0.0,8.0,7.0,1413.14285714,1413.14285714,0.0,4.0,4.0,1352.75,1352.75,0.0,2.0,2.0,1615.0,1615.0,0.0,2.0,2.0,1090.5,1090.5,0.0,4.0,3.0,1493.66666667,1493.66666667,0.0,2.0,1.0,2571.0,,1.0,2.0,2.0,955.0,955.0,0.0,0.0
4406,40.0,34.0,3582.55882353,3308.66666667,1.0,8.0,8.0,3605.125,3605.125,0.0,4.0,4.0,3882.75,3882.75,0.0,2.0,2.0,3370.5,3370.5,0.0,2.0,2.0,4395.0,4395.0,0.0,4.0,4.0,3327.5,3327.5,0.0,2.0,2.0,2780.0,2780.0,0.0,2.0,2.0,3875.0,3875.0,0.0,8.0,8.0,5367.875,5367.875,0.0,4.0,4.0,6525.25,6525.25,0.0,2.0,2.0,4670.0,4670.0,0.0,2.0,2.0,8380.5,8380.5,0.0,4.0,4.0,4210.5,4210.5,0.0,2.0,2.0,4455.5,4455.5,0.0,2.0,2.0,3965.5,3965.5,0.0,8.0,6.0,3327.16666667,3327.16666667,0.0,4.0,3.0,3873.66666667,3873.66666667,0.0,2.0,1.0,4271.0,,1.0,2.0,2.0,3675.0,3675.0,0.0,4.0,3.0,2780.66666667,2780.66666667,0.0,2.0,1.0,2701.0,,1.0,2.0,2.0,2820.5,2820.5,0.0,8.0,7.0,2320.0,2320.0,0.0,4.0,4.0,1965.0,1965.0,0.0,4.0,3.0,2793.33333333,2793.33333333,0.0,8.0,5.0,2764.0,2764.0,0.0,4.0,3.0,3633.33333333,3633.33333333,0.0,2.0,1.0,1890.0,,1.0,2.0,2.0,4505.0,4505.0,0.0,4.0,2.0,1460.0,1460.0,0.0,2.0,0.0,,,0.0,2.0,2.0,1460.0,1460.0,0.0,0.0
4407,,,,,,,,,,,,,,,,,,,,,,,,,,,,,,,,,,,,,,,,,,,,,,,,,,,,,,,,,,,,,,,,,,,,,,,,,,,,,,,,,,,,,,,,,,,,,,,,,,,,,,,,,,,,,,,,,,,,,,,,,,,,,,,,,,,,,,,,,,,,,,,,,,,,,,,,,,,,,,,,,0.0
4409,40.0,39.0,4530.17948718,4226.28947368,1.0,8.0,8.0,4162.25,4162.25,0.0,4.0,4.0,5362.0,5362.0,0.0,2.0,2.0,8359.0,8359.0,0.0,2.0,2.0,2365.0,2365.0,0.0,4.0,4.0,2962.5,2962.5,0.0,2.0,2.0,2825.0,2825.0,0.0,2.0,2.0,3100.0,3100.0,0.0,8.0,8.0,4619.0,4619.0,0.0,4.0,4.0,5002.5,5002.5,0.0,2.0,2.0,5540.0,5540.0,0.0,2.0,2.0,4465.0,4465.0,0.0,4.0,4.0,4235.5,4235.5,0.0,2.0,2.0,3545.5,3545.5,0.0,2.0,2.0,4925.5,4925.5,0.0,8.0,8.0,5680.25,5680.25,0.0,4.0,4.0,5330.25,5330.25,0.0,2.0,2.0,7220.5,7220.5,0.0,2.0,2.0,3440.0,3440.0,0.0,4.0,4.0,6030.25,6030.25,0.0,2.0,2.0,6775.5,6775.5,0.0,2.0,2.0,5285.0,5285.0,0.0,8.0,8.0,3436.5,3436.5,0.0,4.0,4.0,2650.0,2650.0,0.0,4.0,4.0,4223.0,4223.0,0.0,8.0,7.0,4784.71428571,4784.71428571,0.0,4.0,4.0,4910.75,4910.75,0.0,2.0,2.0,2685.5,2685.5,0.0,2.0,2.0,7136.0,7136.0,0.0,4.0,3.0,4616.66666667,4616.66666667,0.0,2.0,1.0,6430.0,,1.0,2.0,2.0,3710.0,3710.0,0.0,0.0
4410,40.0,28.0,1984.39285714,1984.39285714,0.0,8.0,8.0,1667.625,1667.625,0.0,4.0,4.0,2107.75,2107.75,0.0,2.0,2.0,2140.0,2140.0,0.0,2.0,2.0,2075.5,2075.5,0.0,4.0,4.0,1227.5,1227.5,0.0,2.0,2.0,1140.0,1140.0,0.0,2.0,2.0,1315.0,1315.0,0.0,8.0,5.0,2860.2,2860.2,0.0,4.0,3.0,2546.66666667,2546.66666667,0.0,2.0,1.0,3260.0,,1.0,2.0,2.0,2190.0,2190.0,0.0,4.0,2.0,3330.5,3330.5,0.0,2.0,1.0,1980.0,,1.0,2.0,1.0,4681.0,,1.0,8.0,5.0,2142.0,2142.0,0.0,4.0,3.0,2000.0,2000.0,0.0,2.0,1.0,3570.0,,1.0,2.0,2.0,1215.0,1215.0,0.0,4.0,2.0,2355.0,2355.0,0.0,2.0,0.0,,,0.0,2.0,2.0,2355.0,2355.0,0.0,8.0,3.0,2823.33333333,2823.33333333,0.0,4.0,1.0,3850.0,,1.0,4.0,2.0,2310.0,2310.0,0.0,8.0,7.0,1248.71428571,1248.71428571,0.0,4.0,3.0,1380.0,1380.0,0.0,2.0,2.0,1240.0,1240.0,0.0,2.0,1.0,1660.0,,1.0,4.0,4.0,1150.25,1150.25,0.0,2.0,2.0,725.0,725.0,0.0,2.0,2.0,1575.5,1575.5,0.0,1.0
4411,40.0,33.0,3628.42424242,3298.65625,1.0,8.0,8.0,2372.75,2372.75,0.0,4.0,4.0,3230.25,3230.25,0.0,2.0,2.0,2245.0,2245.0,0.0,2.0,2.0,4215.5,4215.5,0.0,4.0,4.0,1515.25,1515.25,0.0,2.0,2.0,1840.5,1840.5,0.0,2.0,2.0,1190.0,1190.0,0.0,8.0,7.0,6649.0,6649.0,0.0,4.0,4.0,7700.5,7700.5,0.0,2.0,2.0,11351.0,11351.0,0.0,2.0,2.0,4050.0,4050.0,0.0,4.0,3.0,5247.0,5247.0,0.0,2.0,2.0,5775.5,5775.5,0.0,2.0,1.0,4190.0,,1.0,8.0,5.0,3870.0,3870.0,0.0,4.0,2.0,3735.0,3735.0,0.0,2.0,0.0,,,0.0,2.0,2.0,3735.0,3735.0,0.0,4.0,3.0,3960.0,3960.0,0.0,2.0,1.0,3910.0,,1.0,2.0,2.0,3985.0,3985.0,0.0,8.0,8.0,1770.125,1770.125,0.0,4.0,4.0,1630.25,1630.25,0.0,4.0,4.0,1910.0,1910.0,0.0,8.0,5.0,4140.4,4140.4,0.0,4.0,4.0,4392.75,4392.75,0.0,2.0,2.0,3920.5,3920.5,0.0,2.0,2.0,4865.0,4865.0,0.0,4.0,1.0,3131.0,,1.0,2.0,0.0,,,0.0,2.0,1.0,3131.0,,1.0,0.0
4412,40.0,27.0,2069.40740741,2069.40740741,0.0,8.0,8.0,1636.375,1636.375,0.0,4.0,4.0,1765.0,1765.0,0.0,2.0,2.0,1550.0,1550.0,0.0,2.0,2.0,1980.0,1980.0,0.0,4.0,4.0,1507.75,1507.75,0.0,2.0,2.0,1700.0,1700.0,0.0,2.0,2.0,1315.5,1315.5,0.0,8.0,3.0,2736.66666667,2736.66666667,0.0,4.0,1.0,1270.0,,1.0,2.0,1.0,1270.0,,1.0,2.0,0.0,,,0.0,4.0,2.0,3470.0,3470.0,0.0,2.0,1.0,2770.0,,1.0,2.0,1.0,4170.0,,1.0,8.0,5.0,1866.0,1866.0,0.0,4.0,2.0,1875.0,1875.0,0.0,2.0,1.0,2140.0,,1.0,2.0,1.0,1610.0,,1.0,4.0,3.0,1860.0,1860.0,0.0,2.0,1.0,1830.0,,1.0,2.0,2.0,1875.0,1875.0,0.0,8.0,4.0,3058.0,3058.0,0.0,4.0,1.0,4182.0,,1.0,4.0,3.0,2683.33333333,2683.33333333,0.0,8.0,7.0,1858.71428571,1858.71428571,0.0,4.0,4.0,2152.75,2152.75,0.0,2.0,2.0,1655.0,1655.0,0.0,2.0,2.0,2650.5,2650.5,0.0,4.0,3.0,1466.66666667,1466.66666667,0.0,2.0,2.0,1340.0,1340.0,0.0,2.0,1.0,1720.0,,1.0,0.0
4413,40.0,32.0,4684.90625,4684.90625,0.0,8.0,8.0,5115.25,5115.25,0.0,4.0,4.0,5082.5,5082.5,0.0,2.0,2.0,5585.0,5585.0,0.0,2.0,2.0,4580.0,4580.0,0.0,4.0,4.0,5148.0,5148.0,0.0,2.0,2.0,7710.5,7710.5,0.0,2.0,2.0,2585.5,2585.5,0.0,8.0,6.0,5798.66666667,5798.66666667,0.0,4.0,3.0,6297.33333333,6297.33333333,0.0,2.0,1.0,3831.0,,1.0,2.0,2.0,7530.5,7530.5,0.0,4.0,3.0,5300.0,5300.0,0.0,2.0,2.0,3820.0,3820.0,0.0,2.0,1.0,8260.0,,1.0,8.0,6.0,5457.0,5457.0,0.0,4.0,4.0,5317.75,5317.75,0.0,2.0,2.0,6710.0,6710.0,0.0,2.0,2.0,3925.5,3925.5,0.0,4.0,2.0,5735.5,5735.5,0.0,2.0,1.0,7160.0,,1.0,2.0,1.0,4311.0,,1.0,8.0,7.0,3421.42857143,3421.42857143,0.0,4.0,4.0,3247.5,3247.5,0.0,4.0,3.0,3653.33333333,3653.33333333,0.0,8.0,5.0,3502.2,3502.2,0.0,4.0,2.0,2565.0,2565.0,0.0,2.0,1.0,2940.0,,1.0,2.0,1.0,2190.0,,1.0,4.0,3.0,4127.0,4127.0,0.0,2.0,1.0,3810.0,,1.0,2.0,2.0,4285.5,4285.5,0.0,1.0
4414,40.0,31.0,2053.29032258,2053.29032258,0.0,8.0,7.0,1558.57142857,1558.57142857,0.0,4.0,4.0,1632.5,1632.5,0.0,2.0,2.0,1515.0,1515.0,0.0,2.0,2.0,1750.0,1750.0,0.0,4.0,3.0,1460.0,1460.0,0.0,2.0,2.0,1450.0,1450.0,0.0,2.0,1.0,1480.0,,1.0,8.0,6.0,2633.5,2633.5,0.0,4.0,2.0,2740.0,2740.0,0.0,2.0,1.0,3270.0,,1.0,2.0,1.0,2210.0,,1.0,4.0,4.0,2580.25,2580.25,0.0,2.0,2.0,2125.5,2125.5,0.0,2.0,2.0,3035.0,3035.0,0.0,8.0,5.0,1418.0,1418.0,0.0,4.0,2.0,1220.0,1220.0,0.0,2.0,0.0,,,0.0,2.0,2.0,1220.0,1220.0,0.0,4.0,3.0,1550.0,1550.0,0.0,2.0,1.0,2030.0,,1.0,2.0,2.0,1310.0,1310.0,0.0,8.0,8.0,2405.0,2405.0,0.0,4.0,4.0,1985.0,1985.0,0.0,4.0,4.0,2825.0,2825.0,0.0,8.0,5.0,2122.2,2122.2,0.0,4.0,2.0,2105.0,2105.0,0.0,2.0,2.0,2105.0,2105.0,0.0,2.0,0.0,,,0.0,4.0,3.0,2133.66666667,2133.66666667,0.0,2.0,1.0,2090.0,,1.0,2.0,2.0,2155.5,2155.5,0.0,0.0
4415,40.0,34.0,1842.47058824,1771.03030303,1.0,8.0,8.0,1450.125,1450.125,0.0,4.0,4.0,1480.25,1480.25,0.0,2.0,2.0,1530.0,1530.0,0.0,2.0,2.0,1430.5,1430.5,0.0,4.0,4.0,1420.0,1420.0,0.0,2.0,2.0,1735.0,1735.0,0.0,2.0,2.0,1105.0,1105.0,0.0,8.0,6.0,2590.33333333,2590.33333333,0.0,4.0,2.0,2475.5,2475.5,0.0,2.0,1.0,2990.0,,1.0,2.0,1.0,1961.0,,1.0,4.0,4.0,2647.75,2647.75,0.0,2.0,2.0,2355.5,2355.5,0.0,2.0,2.0,2940.0,2940.0,0.0,8.0,5.0,1326.0,1326.0,0.0,4.0,2.0,1395.0,1395.0,0.0,2.0,0.0,,,0.0,2.0,2.0,1395.0,1395.0,0.0,4.0,3.0,1280.0,1280.0,0.0,2.0,1.0,1380.0,,1.0,2.0,2.0,1230.0,1230.0,0.0,8.0,7.0,1727.28571429,1727.28571429,0.0,4.0,4.0,1832.75,1832.75,0.0,4.0,3.0,1586.66666667,1586.66666667,0.0,8.0,8.0,2097.5,2097.5,0.0,4.0,4.0,1587.5,1587.5,0.0,2.0,2.0,1870.0,1870.0,0.0,2.0,2.0,1305.0,1305.0,0.0,4.0,4.0,2607.5,2607.5,0.0,2.0,2.0,2860.0,2860.0,0.0,2.0,2.0,2355.0,2355.0,0.0,0.0
4416,40.0,36.0,1755.88888889,1755.88888889,0.0,8.0,8.0,1808.75,1808.75,0.0,4.0,4.0,1990.0,1990.0,0.0,2.0,2.0,2420.0,2420.0,0.0,2.0,2.0,1560.0,1560.0,0.0,4.0,4.0,1627.5,1627.5,0.0,2.0,2.0,1890.0,1890.0,0.0,2.0,2.0,1365.0,1365.0,0.0,8.0,5.0,2754.0,2754.0,0.0,4.0,2.0,2275.0,2275.0,0.0,2.0,1.0,1730.0,,1.0,2.0,1.0,2820.0,,1.0,4.0,3.0,3073.33333333,3073.33333333,0.0,2.0,2.0,2860.0,2860.0,0.0,2.0,1.0,3500.0,,1.0,8.0,8.0,1660.125,1660.125,0.0,4.0,4.0,1297.5,1297.5,0.0,2.0,2.0,1760.0,1760.0,0.0,2.0,2.0,835.0,835.0,0.0,4.0,4.0,2022.75,2022.75,0.0,2.0,2.0,2525.5,2525.5,0.0,2.0,2.0,1520.0,1520.0,0.0,8.0,7.0,1548.71428571,1548.71428571,0.0,4.0,3.0,1550.33333333,1550.33333333,0.0,4.0,4.0,1547.5,1547.5,0.0,8.0,8.0,1356.25,1356.25,0.0,4.0,4.0,1332.5,1332.5,0.0,2.0,2.0,1310.0,1310.0,0.0,2.0,2.0,1355.0,1355.0,0.0,4.0,4.0,1380.0,1380.0,0.0,2.0,2.0,1395.0,1395.0,0.0,2.0,2.0,1365.0,1365.0,0.0,0.0
4417,40.0,32.0,2232.65625,2232.65625,0.0,8.0,7.0,1827.14285714,1827.14285714,0.0,4.0,4.0,2007.5,2007.5,0.0,2.0,2.0,2375.0,2375.0,0.0,2.0,2.0,1640.0,1640.0,0.0,4.0,3.0,1586.66666667,1586.66666667,0.0,2.0,1.0,1540.0,,1.0,2.0,2.0,1610.0,1610.0,0.0,8.0,7.0,2891.71428571,2891.71428571,0.0,4.0,3.0,2973.66666667,2973.66666667,0.0,2.0,1.0,3370.0,,1.0,2.0,2.0,2775.5,2775.5,0.0,4.0,4.0,2830.25,2830.25,0.0,2.0,2.0,1825.0,1825.0,0.0,2.0,2.0,3835.5,3835.5,0.0,8.0,2.0,3245.0,3245.0,0.0,4.0,1.0,2960.0,,1.0,2.0,0.0,,,0.0,2.0,1.0,2960.0,,1.0,4.0,1.0,3530.0,,1.0,2.0,0.0,,,0.0,2.0,1.0,3530.0,,1.0,8.0,8.0,1973.875,1973.875,0.0,4.0,4.0,1812.5,1812.5,0.0,4.0,4.0,2135.25,2135.25,0.0,8.0,8.0,2016.5,2016.5,0.0,4.0,4.0,2182.75,2182.75,0.0,2.0,2.0,2705.5,2705.5,0.0,2.0,2.0,1660.0,1660.0,0.0,4.0,4.0,1850.25,1850.25,0.0,2.0,2.0,2425.0,2425.0,0.0,2.0,2.0,1275.5,1275.5,0.0,0.0
4418,,,,,,,,,,,,,,,,,,,,,,,,,,,,,,,,,,,,,,,,,,,,,,,,,,,,,,,,,,,,,,,,,,,,,,,,,,,,,,,,,,,,,,,,,,,,,,,,,,,,,,,,,,,,,,,,,,,,,,,,,,,,,,,,,,,,,,,,,,,,,,,,,,,,,,,,,,,,,,,,,0.0
4420,40.0,36.0,1618.19444444,1572.42857143,1.0,8.0,8.0,1505.125,1505.125,0.0,4.0,4.0,1477.75,1477.75,0.0,2.0,2.0,1435.5,1435.5,0.0,2.0,2.0,1520.0,1520.0,0.0,4.0,4.0,1532.5,1532.5,0.0,2.0,2.0,1510.0,1510.0,0.0,2.0,2.0,1555.0,1555.0,0.0,8.0,8.0,1910.125,1910.125,0.0,4.0,4.0,1767.5,1767.5,0.0,2.0,2.0,2010.0,2010.0,0.0,2.0,2.0,1525.0,1525.0,0.0,4.0,4.0,2052.75,2052.75,0.0,2.0,2.0,1475.5,1475.5,0.0,2.0,2.0,2630.0,2630.0,0.0,8.0,7.0,1504.42857143,1504.42857143,0.0,4.0,3.0,1273.33333333,1273.33333333,0.0,2.0,1.0,1340.0,,1.0,2.0,2.0,1240.0,1240.0,0.0,4.0,4.0,1677.75,1677.75,0.0,2.0,2.0,1385.5,1385.5,0.0,2.0,2.0,1970.0,1970.0,0.0,8.0,7.0,1587.42857143,1587.42857143,0.0,4.0,4.0,1487.75,1487.75,0.0,4.0,3.0,1720.33333333,1720.33333333,0.0,8.0,6.0,1548.33333333,1548.33333333,0.0,4.0,3.0,1480.0,1480.0,0.0,2.0,1.0,1900.0,,1.0,2.0,2.0,1270.0,1270.0,0.0,4.0,3.0,1616.66666667,1616.66666667,0.0,2.0,1.0,1540.0,,1.0,2.0,2.0,1655.0,1655.0,0.0,0.0
4421,40.0,36.0,1427.33333333,1427.33333333,0.0,8.0,8.0,1232.5,1232.5,0.0,4.0,4.0,1242.5,1242.5,0.0,2.0,2.0,1250.0,1250.0,0.0,2.0,2.0,1235.0,1235.0,0.0,4.0,4.0,1222.5,1222.5,0.0,2.0,2.0,1400.0,1400.0,0.0,2.0,2.0,1045.0,1045.0,0.0,8.0,7.0,1643.0,1643.0,0.0,4.0,3.0,1840.0,1840.0,0.0,2.0,2.0,1675.0,1675.0,0.0,2.0,1.0,2170.0,,1.0,4.0,4.0,1495.25,1495.25,0.0,2.0,2.0,1465.5,1465.5,0.0,2.0,2.0,1525.0,1525.0,0.0,8.0,7.0,1507.28571429,1507.28571429,0.0,4.0,3.0,1507.0,1507.0,0.0,2.0,1.0,2011.0,,1.0,2.0,2.0,1255.0,1255.0,0.0,4.0,4.0,1507.5,1507.5,0.0,2.0,2.0,2220.0,2220.0,0.0,2.0,2.0,795.0,795.0,0.0,8.0,8.0,1460.125,1460.125,0.0,4.0,4.0,1352.75,1352.75,0.0,4.0,4.0,1567.5,1567.5,0.0,8.0,6.0,1298.5,1298.5,0.0,4.0,4.0,1417.75,1417.75,0.0,2.0,2.0,1575.0,1575.0,0.0,2.0,2.0,1260.5,1260.5,0.0,4.0,2.0,1060.0,1060.0,0.0,2.0,0.0,,,0.0,2.0,2.0,1060.0,1060.0,0.0,0.0
4422,40.0,33.0,2540.48484848,2540.48484848,0.0,8.0,8.0,2488.75,2488.75,0.0,4.0,4.0,2092.5,2092.5,0.0,2.0,2.0,2255.0,2255.0,0.0,2.0,2.0,1930.0,1930.0,0.0,4.0,4.0,2885.0,2885.0,0.0,2.0,2.0,2410.0,2410.0,0.0,2.0,2.0,3360.0,3360.0,0.0,8.0,4.0,2908.0,2908.0,0.0,4.0,2.0,2230.5,2230.5,0.0,2.0,1.0,2471.0,,1.0,2.0,1.0,1990.0,,1.0,4.0,2.0,3585.5,3585.5,0.0,2.0,1.0,4531.0,,1.0,2.0,1.0,2640.0,,1.0,8.0,7.0,3116.14285714,3116.14285714,0.0,4.0,3.0,3700.66666667,3700.66666667,0.0,2.0,1.0,5182.0,,1.0,2.0,2.0,2960.0,2960.0,0.0,4.0,4.0,2677.75,2677.75,0.0,2.0,2.0,2485.5,2485.5,0.0,2.0,2.0,2870.0,2870.0,0.0,8.0,8.0,2742.5,2742.5,0.0,4.0,4.0,2182.5,2182.5,0.0,4.0,4.0,3302.5,3302.5,0.0,8.0,6.0,1423.5,1423.5,0.0,4.0,3.0,1593.33333333,1593.33333333,0.0,2.0,1.0,1500.0,,1.0,2.0,2.0,1640.0,1640.0,0.0,4.0,3.0,1253.66666667,1253.66666667,0.0,2.0,2.0,1245.5,1245.5,0.0,2.0,1.0,1270.0,,1.0,0.0
4423,40.0,32.0,2691.71875,2691.71875,0.0,8.0,7.0,3248.85714286,3248.85714286,0.0,4.0,4.0,3870.5,3870.5,0.0,2.0,2.0,4430.5,4430.5,0.0,2.0,2.0,3310.5,3310.5,0.0,4.0,3.0,2420.0,2420.0,0.0,2.0,2.0,2545.0,2545.0,0.0,2.0,1.0,2170.0,,1.0,8.0,6.0,2683.5,2683.5,0.0,4.0,3.0,3140.0,3140.0,0.0,2.0,1.0,2600.0,,1.0,2.0,2.0,3410.0,3410.0,0.0,4.0,3.0,2227.0,2227.0,0.0,2.0,2.0,1850.0,1850.0,0.0,2.0,1.0,2981.0,,1.0,8.0,7.0,2193.0,2193.0,0.0,4.0,3.0,1913.33333333,1913.33333333,0.0,2.0,1.0,2820.0,,1.0,2.0,2.0,1460.0,1460.0,0.0,4.0,4.0,2402.75,2402.75,0.0,2.0,2.0,2540.5,2540.5,0.0,2.0,2.0,2265.0,2265.0,0.0,8.0,7.0,3312.85714286,3312.85714286,0.0,4.0,3.0,1766.66666667,1766.66666667,0.0,4.0,4.0,4472.5,4472.5,0.0,8.0,5.0,1750.2,1750.2,0.0,4.0,3.0,1867.0,1867.0,0.0,2.0,2.0,1855.5,1855.5,0.0,2.0,1.0,1890.0,,1.0,4.0,2.0,1575.0,1575.0,0.0,2.0,0.0,,,0.0,2.0,2.0,1575.0,1575.0,0.0,1.0
4424,40.0,36.0,3089.11111111,2955.08571429,1.0,8.0,8.0,2587.625,2587.625,0.0,4.0,4.0,2690.25,2690.25,0.0,2.0,2.0,2200.5,2200.5,0.0,2.0,2.0,3180.0,3180.0,0.0,4.0,4.0,2485.0,2485.0,0.0,2.0,2.0,2420.0,2420.0,0.0,2.0,2.0,2550.0,2550.0,0.0,8.0,7.0,3634.71428571,3634.71428571,0.0,4.0,3.0,3133.33333333,3133.33333333,0.0,2.0,1.0,3430.0,,1.0,2.0,2.0,2985.0,2985.0,0.0,4.0,4.0,4010.75,4010.75,0.0,2.0,2.0,3821.0,3821.0,0.0,2.0,2.0,4200.5,4200.5,0.0,8.0,6.0,3100.0,3100.0,0.0,4.0,2.0,2420.0,2420.0,0.0,2.0,0.0,,,0.0,2.0,2.0,2420.0,2420.0,0.0,4.0,4.0,3440.0,3440.0,0.0,2.0,2.0,4600.0,4600.0,0.0,2.0,2.0,2280.0,2280.0,0.0,8.0,8.0,2976.375,2976.375,0.0,4.0,4.0,2800.25,2800.25,0.0,4.0,4.0,3152.5,3152.5,0.0,8.0,7.0,3236.14285714,3236.14285714,0.0,4.0,4.0,4050.5,4050.5,0.0,2.0,2.0,3025.5,3025.5,0.0,2.0,2.0,5075.5,5075.5,0.0,4.0,3.0,2150.33333333,2150.33333333,0.0,2.0,1.0,1731.0,,1.0,2.0,2.0,2360.0,2360.0,0.0,1.0
4425,40.0,23.0,4695.91304348,4695.91304348,0.0,8.0,6.0,4490.5,4490.5,0.0,4.0,3.0,4651.0,4651.0,0.0,2.0,2.0,5046.0,5046.0,0.0,2.0,1.0,3861.0,,1.0,4.0,3.0,4330.0,4330.0,0.0,2.0,2.0,3015.0,3015.0,0.0,2.0,1.0,6960.0,,1.0,8.0,6.0,4983.33333333,4983.33333333,0.0,4.0,3.0,4516.66666667,4516.66666667,0.0,2.0,2.0,4655.0,4655.0,0.0,2.0,1.0,4240.0,,1.0,4.0,3.0,5450.0,5450.0,0.0,2.0,1.0,6640.0,,1.0,2.0,2.0,4855.0,4855.0,0.0,8.0,5.0,4372.2,4372.2,0.0,4.0,2.0,4670.5,4670.5,0.0,2.0,0.0,,,0.0,2.0,2.0,4670.5,4670.5,0.0,4.0,3.0,4173.33333333,4173.33333333,0.0,2.0,1.0,4410.0,,1.0,2.0,2.0,4055.0,4055.0,0.0,8.0,3.0,4890.66666667,4890.66666667,0.0,4.0,2.0,3120.5,3120.5,0.0,4.0,1.0,8431.0,,1.0,8.0,3.0,4876.66666667,4876.66666667,0.0,4.0,2.0,3610.0,3610.0,0.0,2.0,1.0,2950.0,,1.0,2.0,1.0,4270.0,,1.0,4.0,1.0,7410.0,,1.0,2.0,1.0,7410.0,,1.0,2.0,0.0,,,0.0,0.0
4426,40.0,30.0,3647.53333333,3647.53333333,0.0,8.0,8.0,2637.5,2637.5,0.0,4.0,4.0,2845.0,2845.0,0.0,2.0,2.0,3105.0,3105.0,0.0,2.0,2.0,2585.0,2585.0,0.0,4.0,4.0,2430.0,2430.0,0.0,2.0,2.0,2755.0,2755.0,0.0,2.0,2.0,2105.0,2105.0,0.0,8.0,5.0,5650.2,5650.2,0.0,4.0,3.0,4200.33333333,4200.33333333,0.0,2.0,1.0,3601.0,,1.0,2.0,2.0,4500.0,4500.0,0.0,4.0,2.0,7825.0,7825.0,0.0,2.0,1.0,6860.0,,1.0,2.0,1.0,8790.0,,1.0,8.0,6.0,3652.0,3652.0,0.0,4.0,3.0,4210.66666667,4210.66666667,0.0,2.0,2.0,5435.5,5435.5,0.0,2.0,1.0,1761.0,,1.0,4.0,3.0,3093.33333333,3093.33333333,0.0,2.0,1.0,3430.0,,1.0,2.0,2.0,2925.0,2925.0,0.0,8.0,6.0,2868.33333333,2868.33333333,0.0,4.0,4.0,2650.0,2650.0,0.0,4.0,2.0,3305.0,3305.0,0.0,8.0,5.0,4190.6,4190.6,0.0,4.0,3.0,4170.33333333,4170.33333333,0.0,2.0,1.0,3651.0,,1.0,2.0,2.0,4430.0,4430.0,0.0,4.0,2.0,4221.0,4221.0,0.0,2.0,1.0,3741.0,,1.0,2.0,1.0,4701.0,,1.0,0.0
4427,40.0,29.0,2657.4137931,2657.4137931,0.0,8.0,8.0,2780.125,2780.125,0.0,4.0,4.0,3120.0,3120.0,0.0,2.0,2.0,2810.0,2810.0,0.0,2.0,2.0,3430.0,3430.0,0.0,4.0,4.0,2440.25,2440.25,0.0,2.0,2.0,2770.0,2770.0,0.0,2.0,2.0,2110.5,2110.5,0.0,8.0,4.0,3577.75,3577.75,0.0,4.0,2.0,4770.5,4770.5,0.0,2.0,1.0,4530.0,,1.0,2.0,1.0,5011.0,,1.0,4.0,2.0,2385.0,2385.0,0.0,2.0,2.0,2385.0,2385.0,0.0,2.0,0.0,,,0.0,8.0,5.0,2502.4,2502.4,0.0,4.0,2.0,2775.0,2775.0,0.0,2.0,0.0,,,0.0,2.0,2.0,2775.0,2775.0,0.0,4.0,3.0,2320.66666667,2320.66666667,0.0,2.0,2.0,2536.0,2536.0,0.0,2.0,1.0,1890.0,,1.0,8.0,7.0,2357.28571429,2357.28571429,0.0,4.0,3.0,2096.66666667,2096.66666667,0.0,4.0,4.0,2552.75,2552.75,0.0,8.0,5.0,2300.0,2300.0,0.0,4.0,3.0,2586.66666667,2586.66666667,0.0,2.0,1.0,3340.0,,1.0,2.0,2.0,2210.0,2210.0,0.0,4.0,2.0,1870.0,1870.0,0.0,2.0,0.0,,,0.0,2.0,2.0,1870.0,1870.0,0.0,1.0
4428,40.0,27.0,4191.07407407,4191.07407407,0.0,8.0,7.0,4377.42857143,4377.42857143,0.0,4.0,4.0,4390.25,4390.25,0.0,2.0,2.0,3370.5,3370.5,0.0,2.0,2.0,5410.0,5410.0,0.0,4.0,3.0,4360.33333333,4360.33333333,0.0,2.0,2.0,3665.5,3665.5,0.0,2.0,1.0,5750.0,,1.0,8.0,7.0,4497.57142857,4497.57142857,0.0,4.0,3.0,3913.66666667,3913.66666667,0.0,2.0,1.0,1660.0,,1.0,2.0,2.0,5040.5,5040.5,0.0,4.0,4.0,4935.5,4935.5,0.0,2.0,2.0,3630.5,3630.5,0.0,2.0,2.0,6240.5,6240.5,0.0,8.0,2.0,3920.0,3920.0,0.0,4.0,1.0,3460.0,,1.0,2.0,0.0,,,0.0,2.0,1.0,3460.0,,1.0,4.0,1.0,4380.0,,1.0,2.0,1.0,4380.0,,1.0,2.0,0.0,,,0.0,8.0,6.0,4168.66666667,4168.66666667,0.0,4.0,4.0,3602.75,3602.75,0.0,4.0,2.0,5300.5,5300.5,0.0,8.0,5.0,3636.4,3636.4,0.0,4.0,2.0,4190.5,4190.5,0.0,2.0,2.0,4190.5,4190.5,0.0,2.0,0.0,,,0.0,4.0,3.0,3267.0,3267.0,0.0,2.0,1.0,4121.0,,1.0,2.0,2.0,2840.0,2840.0,0.0,0.0
4429,40.0,26.0,2114.38461538,2114.38461538,0.0,8.0,7.0,2433.14285714,2433.14285714,0.0,4.0,3.0,3504.0,3504.0,0.0,2.0,2.0,3090.5,3090.5,0.0,2.0,1.0,4331.0,,1.0,4.0,4.0,1630.0,1630.0,0.0,2.0,2.0,1705.0,1705.0,0.0,2.0,2.0,1555.0,1555.0,0.0,8.0,5.0,2756.2,2756.2,0.0,4.0,2.0,2570.5,2570.5,0.0,2.0,1.0,2101.0,,1.0,2.0,1.0,3040.0,,1.0,4.0,3.0,2880.0,2880.0,0.0,2.0,2.0,3225.0,3225.0,0.0,2.0,1.0,2190.0,,1.0,8.0,7.0,1411.42857143,1411.42857143,0.0,4.0,3.0,1716.66666667,1716.66666667,0.0,2.0,1.0,3010.0,,1.0,2.0,2.0,1070.0,1070.0,0.0,4.0,4.0,1182.5,1182.5,0.0,2.0,2.0,1370.0,1370.0,0.0,2.0,2.0,995.0,995.0,0.0,8.0,5.0,2200.2,2200.2,0.0,4.0,3.0,2460.33333333,2460.33333333,0.0,4.0,2.0,1810.0,1810.0,0.0,8.0,2.0,1640.0,1640.0,0.0,4.0,1.0,2660.0,,1.0,2.0,1.0,2660.0,,1.0,2.0,0.0,,,0.0,4.0,1.0,620.0,,1.0,2.0,0.0,,,0.0,2.0,1.0,620.0,,1.0,1.0
4430,40.0,36.0,1966.47222222,1869.51428571,1.0,8.0,8.0,2150.125,2150.125,0.0,4.0,4.0,1800.25,1800.25,0.0,2.0,2.0,1950.5,1950.5,0.0,2.0,2.0,1650.0,1650.0,0.0,4.0,4.0,2500.0,2500.0,0.0,2.0,2.0,1505.0,1505.0,0.0,2.0,2.0,3495.0,3495.0,0.0,8.0,7.0,1941.42857143,1941.42857143,0.0,4.0,3.0,2330.0,2330.0,0.0,2.0,2.0,2515.0,2515.0,0.0,2.0,1.0,1960.0,,1.0,4.0,4.0,1650.0,1650.0,0.0,2.0,2.0,1760.0,1760.0,0.0,2.0,2.0,1540.0,1540.0,0.0,8.0,6.0,1618.33333333,1618.33333333,0.0,4.0,3.0,1806.66666667,1806.66666667,0.0,2.0,1.0,2500.0,,1.0,2.0,2.0,1460.0,1460.0,0.0,4.0,3.0,1430.0,1430.0,0.0,2.0,2.0,1350.0,1350.0,0.0,2.0,1.0,1590.0,,1.0,8.0,8.0,1912.5,1912.5,0.0,4.0,4.0,1945.0,1945.0,0.0,4.0,4.0,1880.0,1880.0,0.0,8.0,7.0,2141.71428571,2141.71428571,0.0,4.0,4.0,2195.25,2195.25,0.0,2.0,2.0,2365.5,2365.5,0.0,2.0,2.0,2025.0,2025.0,0.0,4.0,3.0,2070.33333333,2070.33333333,0.0,2.0,1.0,500.0,,1.0,2.0,2.0,2855.5,2855.5,0.0,0.0
4432,40.0,32.0,1378.875,1319.12903226,1.0,8.0,7.0,1610.28571429,1610.28571429,0.0,4.0,4.0,1375.25,1375.25,0.0,2.0,2.0,1015.0,1015.0,0.0,2.0,2.0,1735.5,1735.5,0.0,4.0,3.0,1923.66666667,1923.66666667,0.0,2.0,1.0,1360.0,,1.0,2.0,2.0,2205.5,2205.5,0.0,8.0,6.0,1021.83333333,1021.83333333,0.0,4.0,3.0,1056.66666667,1056.66666667,0.0,2.0,1.0,1120.0,,1.0,2.0,2.0,1025.0,1025.0,0.0,4.0,3.0,987.0,987.0,0.0,2.0,2.0,750.0,750.0,0.0,2.0,1.0,1461.0,,1.0,8.0,5.0,1390.0,1390.0,0.0,4.0,3.0,1213.33333333,1213.33333333,0.0,2.0,1.0,1420.0,,1.0,2.0,2.0,1110.0,1110.0,0.0,4.0,2.0,1655.0,1655.0,0.0,2.0,0.0,,,0.0,2.0,2.0,1655.0,1655.0,0.0,8.0,7.0,1454.28571429,1454.28571429,0.0,4.0,4.0,1410.0,1410.0,0.0,4.0,3.0,1513.33333333,1513.33333333,0.0,8.0,7.0,1370.14285714,1370.14285714,0.0,4.0,4.0,1507.5,1507.5,0.0,2.0,2.0,1440.0,1440.0,0.0,2.0,2.0,1575.0,1575.0,0.0,4.0,3.0,1187.0,1187.0,0.0,2.0,1.0,1521.0,,1.0,2.0,2.0,1020.0,1020.0,0.0,0.0
4433,40.0,29.0,3459.51724138,3459.51724138,0.0,8.0,8.0,3753.875,3753.875,0.0,4.0,4.0,4972.5,4972.5,0.0,2.0,2.0,4825.0,4825.0,0.0,2.0,2.0,5120.0,5120.0,0.0,4.0,4.0,2535.25,2535.25,0.0,2.0,2.0,1825.5,1825.5,0.0,2.0,2.0,3245.0,3245.0,0.0,8.0,7.0,3596.28571429,3596.28571429,0.0,4.0,3.0,4257.33333333,4257.33333333,0.0,2.0,1.0,2570.0,,1.0,2.0,2.0,5101.0,5101.0,0.0,4.0,4.0,3100.5,3100.5,0.0,2.0,2.0,2906.0,2906.0,0.0,2.0,2.0,3295.0,3295.0,0.0,8.0,5.0,3400.2,3400.2,0.0,4.0,2.0,2150.0,2150.0,0.0,2.0,0.0,,,0.0,2.0,2.0,2150.0,2150.0,0.0,4.0,3.0,4233.66666667,4233.66666667,0.0,2.0,1.0,3310.0,,1.0,2.0,2.0,4695.5,4695.5,0.0,8.0,6.0,2815.0,2815.0,0.0,4.0,4.0,2502.5,2502.5,0.0,4.0,2.0,3440.0,3440.0,0.0,8.0,3.0,3743.33333333,3743.33333333,0.0,4.0,0.0,,,0.0,2.0,0.0,,,0.0,2.0,0.0,,,0.0,4.0,3.0,3743.33333333,3743.33333333,0.0,2.0,1.0,2270.0,,1.0,2.0,2.0,4480.0,4480.0,0.0,1.0
4434,40.0,37.0,1180.32432432,1180.32432432,0.0,8.0,8.0,1298.75,1298.75,0.0,4.0,4.0,1245.0,1245.0,0.0,2.0,2.0,1285.0,1285.0,0.0,2.0,2.0,1205.0,1205.0,0.0,4.0,4.0,1352.5,1352.5,0.0,2.0,2.0,1135.0,1135.0,0.0,2.0,2.0,1570.0,1570.0,0.0,8.0,8.0,1145.0,1145.0,0.0,4.0,4.0,1187.5,1187.5,0.0,2.0,2.0,1610.0,1610.0,0.0,2.0,2.0,765.0,765.0,0.0,4.0,4.0,1102.5,1102.5,0.0,2.0,2.0,1165.0,1165.0,0.0,2.0,2.0,1040.0,1040.0,0.0,8.0,7.0,1000.0,1000.0,0.0,4.0,3.0,973.333333333,973.333333333,0.0,2.0,1.0,1060.0,,1.0,2.0,2.0,930.0,930.0,0.0,4.0,4.0,1020.0,1020.0,0.0,2.0,2.0,1095.0,1095.0,0.0,2.0,2.0,945.0,945.0,0.0,8.0,8.0,1442.75,1442.75,0.0,4.0,4.0,1415.5,1415.5,0.0,4.0,4.0,1470.0,1470.0,0.0,8.0,6.0,930.0,930.0,0.0,4.0,3.0,1056.66666667,1056.66666667,0.0,2.0,2.0,1090.0,1090.0,0.0,2.0,1.0,990.0,,1.0,4.0,3.0,803.333333333,803.333333333,0.0,2.0,2.0,775.0,775.0,0.0,2.0,1.0,860.0,,1.0,0.0
4435,40.0,36.0,2743.80555556,2607.31428571,1.0,8.0,8.0,2123.75,2123.75,0.0,4.0,4.0,2127.5,2127.5,0.0,2.0,2.0,1590.0,1590.0,0.0,2.0,2.0,2665.0,2665.0,0.0,4.0,4.0,2120.0,2120.0,0.0,2.0,2.0,1585.0,1585.0,0.0,2.0,2.0,2655.0,2655.0,0.0,8.0,8.0,3370.25,3370.25,0.0,4.0,4.0,3790.5,3790.5,0.0,2.0,2.0,4891.0,4891.0,0.0,2.0,2.0,2690.0,2690.0,0.0,4.0,4.0,2950.0,2950.0,0.0,2.0,2.0,2435.0,2435.0,0.0,2.0,2.0,3465.0,3465.0,0.0,8.0,7.0,3261.71428571,3261.71428571,0.0,4.0,3.0,3186.66666667,3186.66666667,0.0,2.0,1.0,2300.0,,1.0,2.0,2.0,3630.0,3630.0,0.0,4.0,4.0,3318.0,3318.0,0.0,2.0,2.0,2760.5,2760.5,0.0,2.0,2.0,3875.5,3875.5,0.0,8.0,7.0,2253.14285714,2253.14285714,0.0,4.0,4.0,2520.5,2520.5,0.0,4.0,3.0,1896.66666667,1896.66666667,0.0,8.0,6.0,2703.5,2703.5,0.0,4.0,2.0,3620.0,3620.0,0.0,2.0,1.0,6210.0,,1.0,2.0,1.0,1030.0,,1.0,4.0,4.0,2245.25,2245.25,0.0,2.0,2.0,2130.5,2130.5,0.0,2.0,2.0,2360.0,2360.0,0.0,1.0
4436,40.0,36.0,2666.05555556,2666.05555556,0.0,8.0,8.0,1747.625,1747.625,0.0,4.0,4.0,1832.75,1832.75,0.0,2.0,2.0,1960.0,1960.0,0.0,2.0,2.0,1705.5,1705.5,0.0,4.0,4.0,1662.5,1662.5,0.0,2.0,2.0,1880.0,1880.0,0.0,2.0,2.0,1445.0,1445.0,0.0,8.0,8.0,2889.0,2889.0,0.0,4.0,4.0,3295.5,3295.5,0.0,2.0,2.0,4280.5,4280.5,0.0,2.0,2.0,2310.5,2310.5,0.0,4.0,4.0,2482.5,2482.5,0.0,2.0,2.0,2150.0,2150.0,0.0,2.0,2.0,2815.0,2815.0,0.0,8.0,7.0,3070.14285714,3070.14285714,0.0,4.0,3.0,3476.66666667,3476.66666667,0.0,2.0,1.0,4420.0,,1.0,2.0,2.0,3005.0,3005.0,0.0,4.0,4.0,2765.25,2765.25,0.0,2.0,2.0,3735.0,3735.0,0.0,2.0,2.0,1795.5,1795.5,0.0,8.0,7.0,3144.71428571,3144.71428571,0.0,4.0,3.0,4203.66666667,4203.66666667,0.0,4.0,4.0,2350.5,2350.5,0.0,8.0,6.0,2563.5,2563.5,0.0,4.0,2.0,3145.5,3145.5,0.0,2.0,2.0,3145.5,3145.5,0.0,2.0,0.0,,,0.0,4.0,4.0,2272.5,2272.5,0.0,2.0,2.0,2520.0,2520.0,0.0,2.0,2.0,2025.0,2025.0,0.0,0.0
4439,40.0,33.0,2505.54545455,2347.59375,1.0,8.0,8.0,2332.75,2332.75,0.0,4.0,4.0,2693.0,2693.0,0.0,2.0,2.0,2666.0,2666.0,0.0,2.0,2.0,2720.0,2720.0,0.0,4.0,4.0,1972.5,1972.5,0.0,2.0,2.0,1730.0,1730.0,0.0,2.0,2.0,2215.0,2215.0,0.0,8.0,7.0,2302.85714286,2302.85714286,0.0,4.0,3.0,1976.66666667,1976.66666667,0.0,2.0,1.0,2730.0,,1.0,2.0,2.0,1600.0,1600.0,0.0,4.0,4.0,2547.5,2547.5,0.0,2.0,2.0,1860.0,1860.0,0.0,2.0,2.0,3235.0,3235.0,0.0,8.0,7.0,3270.0,3270.0,0.0,4.0,3.0,2080.0,2080.0,0.0,2.0,1.0,2310.0,,1.0,2.0,2.0,1965.0,1965.0,0.0,4.0,4.0,4162.5,4162.5,0.0,2.0,2.0,5750.0,5750.0,0.0,2.0,2.0,2575.0,2575.0,0.0,8.0,7.0,2178.71428571,2178.71428571,0.0,4.0,3.0,1797.0,1797.0,0.0,4.0,4.0,2465.0,2465.0,0.0,8.0,4.0,2440.0,2440.0,0.0,4.0,2.0,3275.0,3275.0,0.0,2.0,1.0,4560.0,,1.0,2.0,1.0,1990.0,,1.0,4.0,2.0,1605.0,1605.0,0.0,2.0,1.0,1880.0,,1.0,2.0,1.0,1330.0,,1.0,0.0
4440,40.0,37.0,2007.67567568,2007.67567568,0.0,8.0,8.0,2085.125,2085.125,0.0,4.0,4.0,2220.0,2220.0,0.0,2.0,2.0,2075.0,2075.0,0.0,2.0,2.0,2365.0,2365.0,0.0,4.0,4.0,1950.25,1950.25,0.0,2.0,2.0,2315.0,2315.0,0.0,2.0,2.0,1585.5,1585.5,0.0,8.0,8.0,2256.375,2256.375,0.0,4.0,4.0,2602.75,2602.75,0.0,2.0,2.0,2865.5,2865.5,0.0,2.0,2.0,2340.0,2340.0,0.0,4.0,4.0,1910.0,1910.0,0.0,2.0,2.0,1495.0,1495.0,0.0,2.0,2.0,2325.0,2325.0,0.0,8.0,8.0,1825.0,1825.0,0.0,4.0,4.0,2137.5,2137.5,0.0,2.0,2.0,2945.0,2945.0,0.0,2.0,2.0,1330.0,1330.0,0.0,4.0,4.0,1512.5,1512.5,0.0,2.0,2.0,1785.0,1785.0,0.0,2.0,2.0,1240.0,1240.0,0.0,8.0,8.0,1757.625,1757.625,0.0,4.0,4.0,1622.5,1622.5,0.0,4.0,4.0,1892.75,1892.75,0.0,8.0,5.0,2178.2,2178.2,0.0,4.0,3.0,1980.33333333,1980.33333333,0.0,2.0,2.0,2035.5,2035.5,0.0,2.0,1.0,1870.0,,1.0,4.0,2.0,2475.0,2475.0,0.0,2.0,0.0,,,0.0,2.0,2.0,2475.0,2475.0,0.0,0.0
4441,40.0,28.0,3078.39285714,3078.39285714,0.0,8.0,7.0,3054.57142857,3054.57142857,0.0,4.0,3.0,2866.66666667,2866.66666667,0.0,2.0,2.0,2730.0,2730.0,0.0,2.0,1.0,3140.0,,1.0,4.0,4.0,3195.5,3195.5,0.0,2.0,2.0,2590.0,2590.0,0.0,2.0,2.0,3801.0,3801.0,0.0,8.0,6.0,1923.33333333,1923.33333333,0.0,4.0,3.0,1633.33333333,1633.33333333,0.0,2.0,1.0,1910.0,,1.0,2.0,2.0,1495.0,1495.0,0.0,4.0,3.0,2213.33333333,2213.33333333,0.0,2.0,2.0,2970.0,2970.0,0.0,2.0,1.0,700.0,,1.0,8.0,7.0,3473.14285714,3473.14285714,0.0,4.0,3.0,4147.0,4147.0,0.0,2.0,2.0,4730.5,4730.5,0.0,2.0,1.0,2980.0,,1.0,4.0,4.0,2967.75,2967.75,0.0,2.0,2.0,3305.5,3305.5,0.0,2.0,2.0,2630.0,2630.0,0.0,8.0,4.0,4120.25,4120.25,0.0,4.0,2.0,4070.0,4070.0,0.0,4.0,2.0,4170.5,4170.5,0.0,8.0,4.0,3120.0,3120.0,0.0,4.0,1.0,2320.0,,1.0,2.0,1.0,2320.0,,1.0,2.0,0.0,,,0.0,4.0,3.0,3386.66666667,3386.66666667,0.0,2.0,1.0,2960.0,,1.0,2.0,2.0,3600.0,3600.0,0.0,1.0
4443,40.0,32.0,1661.375,1661.375,0.0,8.0,8.0,1568.875,1568.875,0.0,4.0,4.0,1620.25,1620.25,0.0,2.0,2.0,1875.5,1875.5,0.0,2.0,2.0,1365.0,1365.0,0.0,4.0,4.0,1517.5,1517.5,0.0,2.0,2.0,1605.0,1605.0,0.0,2.0,2.0,1430.0,1430.0,0.0,8.0,6.0,1573.5,1573.5,0.0,4.0,3.0,1530.33333333,1530.33333333,0.0,2.0,1.0,1661.0,,1.0,2.0,2.0,1465.0,1465.0,0.0,4.0,3.0,1616.66666667,1616.66666667,0.0,2.0,2.0,1695.0,1695.0,0.0,2.0,1.0,1460.0,,1.0,8.0,4.0,2075.0,2075.0,0.0,4.0,2.0,2265.0,2265.0,0.0,2.0,0.0,,,0.0,2.0,2.0,2265.0,2265.0,0.0,4.0,2.0,1885.0,1885.0,0.0,2.0,0.0,,,0.0,2.0,2.0,1885.0,1885.0,0.0,8.0,6.0,1808.5,1808.5,0.0,4.0,4.0,1797.5,1797.5,0.0,4.0,2.0,1830.5,1830.5,0.0,8.0,8.0,1502.625,1502.625,0.0,4.0,4.0,2055.25,2055.25,0.0,2.0,2.0,1425.5,1425.5,0.0,2.0,2.0,2685.0,2685.0,0.0,4.0,4.0,950.0,950.0,0.0,2.0,2.0,945.0,945.0,0.0,2.0,2.0,955.0,955.0,0.0,0.0
4444,40.0,33.0,2188.06060606,2188.06060606,0.0,8.0,8.0,1845.125,1845.125,0.0,4.0,4.0,1570.0,1570.0,0.0,2.0,2.0,1225.0,1225.0,0.0,2.0,2.0,1915.0,1915.0,0.0,4.0,4.0,2120.25,2120.25,0.0,2.0,2.0,2180.0,2180.0,0.0,2.0,2.0,2060.5,2060.5,0.0,8.0,6.0,2563.5,2563.5,0.0,4.0,2.0,2440.5,2440.5,0.0,2.0,1.0,1810.0,,1.0,2.0,1.0,3071.0,,1.0,4.0,4.0,2625.0,2625.0,0.0,2.0,2.0,2470.0,2470.0,0.0,2.0,2.0,2780.0,2780.0,0.0,8.0,5.0,2320.2,2320.2,0.0,4.0,2.0,2685.5,2685.5,0.0,2.0,0.0,,,0.0,2.0,2.0,2685.5,2685.5,0.0,4.0,3.0,2076.66666667,2076.66666667,0.0,2.0,1.0,1900.0,,1.0,2.0,2.0,2165.0,2165.0,0.0,8.0,8.0,2537.75,2537.75,0.0,4.0,4.0,2447.75,2447.75,0.0,4.0,4.0,2627.75,2627.75,0.0,8.0,6.0,1693.5,1693.5,0.0,4.0,3.0,1856.66666667,1856.66666667,0.0,2.0,2.0,1755.0,1755.0,0.0,2.0,1.0,2060.0,,1.0,4.0,3.0,1530.33333333,1530.33333333,0.0,2.0,1.0,1090.0,,1.0,2.0,2.0,1750.5,1750.5,0.0,1.0
4445,40.0,25.0,1971.72,1830.95833333,1.0,8.0,8.0,1895.125,1895.125,0.0,4.0,4.0,2100.0,2100.0,0.0,2.0,2.0,2065.0,2065.0,0.0,2.0,2.0,2135.0,2135.0,0.0,4.0,4.0,1690.25,1690.25,0.0,2.0,2.0,1435.5,1435.5,0.0,2.0,2.0,1945.0,1945.0,0.0,8.0,3.0,3480.0,3480.0,0.0,4.0,2.0,4340.0,4340.0,0.0,2.0,0.0,,,0.0,2.0,2.0,4340.0,4340.0,0.0,4.0,1.0,1760.0,,1.0,2.0,1.0,1760.0,,1.0,2.0,0.0,,,0.0,8.0,5.0,1792.0,1792.0,0.0,4.0,2.0,1540.0,1540.0,0.0,2.0,0.0,,,0.0,2.0,2.0,1540.0,1540.0,0.0,4.0,3.0,1960.0,1960.0,0.0,2.0,2.0,2175.0,2175.0,0.0,2.0,1.0,1530.0,,1.0,8.0,2.0,2845.0,2845.0,0.0,4.0,1.0,1770.0,,1.0,4.0,1.0,3920.0,,1.0,8.0,7.0,1291.71428571,1291.71428571,0.0,4.0,3.0,1714.0,1714.0,0.0,2.0,2.0,1850.5,1850.5,0.0,2.0,1.0,1441.0,,1.0,4.0,4.0,975.0,975.0,0.0,2.0,2.0,1230.0,1230.0,0.0,2.0,2.0,720.0,720.0,0.0,1.0
4446,,,,,,,,,,,,,,,,,,,,,,,,,,,,,,,,,,,,,,,,,,,,,,,,,,,,,,,,,,,,,,,,,,,,,,,,,,,,,,,,,,,,,,,,,,,,,,,,,,,,,,,,,,,,,,,,,,,,,,,,,,,,,,,,,,,,,,,,,,,,,,,,,,,,,,,,,,,,,,,,,0.0
4447,40.0,30.0,2445.1,2445.1,0.0,8.0,5.0,1782.0,1782.0,0.0,4.0,2.0,1970.0,1970.0,0.0,2.0,1.0,2330.0,,1.0,2.0,1.0,1610.0,,1.0,4.0,3.0,1656.66666667,1656.66666667,0.0,2.0,2.0,1680.0,1680.0,0.0,2.0,1.0,1610.0,,1.0,8.0,8.0,2672.75,2672.75,0.0,4.0,4.0,2272.75,2272.75,0.0,2.0,2.0,2705.0,2705.0,0.0,2.0,2.0,1840.5,1840.5,0.0,4.0,4.0,3072.75,3072.75,0.0,2.0,2.0,3200.5,3200.5,0.0,2.0,2.0,2945.0,2945.0,0.0,8.0,5.0,3248.2,3248.2,0.0,4.0,1.0,2870.0,,1.0,2.0,0.0,,,0.0,2.0,1.0,2870.0,,1.0,4.0,4.0,3342.75,3342.75,0.0,2.0,2.0,4155.5,4155.5,0.0,2.0,2.0,2530.0,2530.0,0.0,8.0,4.0,2012.5,2012.5,0.0,4.0,3.0,2066.66666667,2066.66666667,0.0,4.0,1.0,1850.0,,1.0,8.0,8.0,2346.25,2346.25,0.0,4.0,4.0,2465.0,2465.0,0.0,2.0,2.0,2645.0,2645.0,0.0,2.0,2.0,2285.0,2285.0,0.0,4.0,4.0,2227.5,2227.5,0.0,2.0,2.0,2725.0,2725.0,0.0,2.0,2.0,1730.0,1730.0,0.0,0.0
4448,,,,,,,,,,,,,,,,,,,,,,,,,,,,,,,,,,,,,,,,,,,,,,,,,,,,,,,,,,,,,,,,,,,,,,,,,,,,,,,,,,,,,,,,,,,,,,,,,,,,,,,,,,,,,,,,,,,,,,,,,,,,,,,,,,,,,,,,,,,,,,,,,,,,,,,,,,,,,,,,,0.0
4449,40.0,34.0,3011.97058824,2769.87878788,1.0,8.0,7.0,2364.28571429,2364.28571429,0.0,4.0,4.0,1815.0,1815.0,0.0,2.0,2.0,1815.0,1815.0,0.0,2.0,2.0,1815.0,1815.0,0.0,4.0,3.0,3096.66666667,3096.66666667,0.0,2.0,1.0,1870.0,,1.0,2.0,2.0,3710.0,3710.0,0.0,8.0,6.0,5612.66666667,5612.66666667,0.0,4.0,3.0,3577.66666667,3577.66666667,0.0,2.0,2.0,3816.0,3816.0,0.0,2.0,1.0,3101.0,,1.0,4.0,3.0,7647.66666667,7647.66666667,0.0,2.0,1.0,5451.0,,1.0,2.0,2.0,8746.0,8746.0,0.0,8.0,6.0,2953.33333333,2953.33333333,0.0,4.0,2.0,2420.0,2420.0,0.0,2.0,0.0,,,0.0,2.0,2.0,2420.0,2420.0,0.0,4.0,4.0,3220.0,3220.0,0.0,2.0,2.0,4570.0,4570.0,0.0,2.0,2.0,1870.0,1870.0,0.0,8.0,7.0,2925.71428571,2925.71428571,0.0,4.0,4.0,2762.5,2762.5,0.0,4.0,3.0,3143.33333333,3143.33333333,0.0,8.0,8.0,1747.625,1747.625,0.0,4.0,4.0,2220.25,2220.25,0.0,2.0,2.0,2155.0,2155.0,0.0,2.0,2.0,2285.5,2285.5,0.0,4.0,4.0,1275.0,1275.0,0.0,2.0,2.0,1075.0,1075.0,0.0,2.0,2.0,1475.0,1475.0,0.0,0.0
4450,,,,,,,,,,,,,,,,,,,,,,,,,,,,,,,,,,,,,,,,,,,,,,,,,,,,,,,,,,,,,,,,,,,,,,,,,,,,,,,,,,,,,,,,,,,,,,,,,,,,,,,,,,,,,,,,,,,,,,,,,,,,,,,,,,,,,,,,,,,,,,,,,,,,,,,,,,,,,,,,,0.0
4451,40.0,36.0,1928.72222222,1775.25714286,1.0,8.0,8.0,1511.25,1511.25,0.0,4.0,4.0,1977.5,1977.5,0.0,2.0,2.0,2520.0,2520.0,0.0,2.0,2.0,1435.0,1435.0,0.0,4.0,4.0,1045.0,1045.0,0.0,2.0,2.0,945.0,945.0,0.0,2.0,2.0,1145.0,1145.0,0.0,8.0,6.0,3505.16666667,3505.16666667,0.0,4.0,2.0,3335.0,3335.0,0.0,2.0,0.0,,,0.0,2.0,2.0,3335.0,3335.0,0.0,4.0,4.0,3590.25,3590.25,0.0,2.0,2.0,1915.0,1915.0,0.0,2.0,2.0,5265.5,5265.5,0.0,8.0,7.0,2093.14285714,2093.14285714,0.0,4.0,4.0,2082.75,2082.75,0.0,2.0,2.0,2785.5,2785.5,0.0,2.0,2.0,1380.0,1380.0,0.0,4.0,3.0,2107.0,2107.0,0.0,2.0,1.0,2110.0,,1.0,2.0,2.0,2105.5,2105.5,0.0,8.0,8.0,1420.125,1420.125,0.0,4.0,4.0,1327.5,1327.5,0.0,4.0,4.0,1512.75,1512.75,0.0,8.0,7.0,1471.42857143,1471.42857143,0.0,4.0,4.0,1455.0,1455.0,0.0,2.0,2.0,1435.0,1435.0,0.0,2.0,2.0,1475.0,1475.0,0.0,4.0,3.0,1493.33333333,1493.33333333,0.0,2.0,1.0,2340.0,,1.0,2.0,2.0,1070.0,1070.0,0.0,0.0
4452,,,,,,,,,,,,,,,,,,,,,,,,,,,,,,,,,,,,,,,,,,,,,,,,,,,,,,,,,,,,,,,,,,,,,,,,,,,,,,,,,,,,,,,,,,,,,,,,,,,,,,,,,,,,,,,,,,,,,,,,,,,,,,,,,,,,,,,,,,,,,,,,,,,,,,,,,,,,,,,,,1.0
4453,40.0,33.0,2068.57575758,1856.625,1.0,8.0,8.0,1332.5,1332.5,0.0,4.0,4.0,1332.5,1332.5,0.0,2.0,2.0,1625.0,1625.0,0.0,2.0,2.0,1040.0,1040.0,0.0,4.0,4.0,1332.5,1332.5,0.0,2.0,2.0,1145.0,1145.0,0.0,2.0,2.0,1520.0,1520.0,0.0,8.0,6.0,2110.0,2110.0,0.0,4.0,2.0,2430.0,2430.0,0.0,2.0,1.0,2480.0,,1.0,2.0,1.0,2380.0,,1.0,4.0,4.0,1950.0,1950.0,0.0,2.0,2.0,2145.0,2145.0,0.0,2.0,2.0,1755.0,1755.0,0.0,8.0,6.0,2240.16666667,2240.16666667,0.0,4.0,2.0,1870.0,1870.0,0.0,2.0,0.0,,,0.0,2.0,2.0,1870.0,1870.0,0.0,4.0,4.0,2425.25,2425.25,0.0,2.0,2.0,2555.0,2555.0,0.0,2.0,2.0,2295.5,2295.5,0.0,8.0,7.0,2994.42857143,2994.42857143,0.0,4.0,4.0,3947.75,3947.75,0.0,4.0,3.0,1723.33333333,1723.33333333,0.0,8.0,6.0,1756.83333333,1756.83333333,0.0,4.0,2.0,1750.0,1750.0,0.0,2.0,1.0,2250.0,,1.0,2.0,1.0,1250.0,,1.0,4.0,4.0,1760.25,1760.25,0.0,2.0,2.0,1675.0,1675.0,0.0,2.0,2.0,1845.5,1845.5,0.0,1.0
4454,,,,,,,,,,,,,,,,,,,,,,,,,,,,,,,,,,,,,,,,,,,,,,,,,,,,,,,,,,,,,,,,,,,,,,,,,,,,,,,,,,,,,,,,,,,,,,,,,,,,,,,,,,,,,,,,,,,,,,,,,,,,,,,,,,,,,,,,,,,,,,,,,,,,,,,,,,,,,,,,,0.0
4455,,,,,,,,,,,,,,,,,,,,,,,,,,,,,,,,,,,,,,,,,,,,,,,,,,,,,,,,,,,,,,,,,,,,,,,,,,,,,,,,,,,,,,,,,,,,,,,,,,,,,,,,,,,,,,,,,,,,,,,,,,,,,,,,,,,,,,,,,,,,,,,,,,,,,,,,,,,,,,,,,0.0
4456,40.0,30.0,1940.53333333,1784.31034483,1.0,8.0,8.0,1950.25,1950.25,0.0,4.0,4.0,2735.5,2735.5,0.0,2.0,2.0,3755.5,3755.5,0.0,2.0,2.0,1715.5,1715.5,0.0,4.0,4.0,1165.0,1165.0,0.0,2.0,2.0,1095.0,1095.0,0.0,2.0,2.0,1235.0,1235.0,0.0,8.0,6.0,2506.83333333,2506.83333333,0.0,4.0,3.0,3217.0,3217.0,0.0,2.0,1.0,1360.0,,1.0,2.0,2.0,4145.5,4145.5,0.0,4.0,3.0,1796.66666667,1796.66666667,0.0,2.0,2.0,1890.0,1890.0,0.0,2.0,1.0,1610.0,,1.0,8.0,6.0,1962.0,1962.0,0.0,4.0,3.0,1734.0,1734.0,0.0,2.0,1.0,3141.0,,1.0,2.0,2.0,1030.5,1030.5,0.0,4.0,3.0,2190.0,2190.0,0.0,2.0,2.0,2420.0,2420.0,0.0,2.0,1.0,1730.0,,1.0,8.0,6.0,1108.33333333,1108.33333333,0.0,4.0,2.0,995.0,995.0,0.0,4.0,4.0,1165.0,1165.0,0.0,8.0,4.0,2287.75,2287.75,0.0,4.0,3.0,2400.0,2400.0,0.0,2.0,2.0,1910.0,1910.0,0.0,2.0,1.0,3380.0,,1.0,4.0,1.0,1951.0,,1.0,2.0,0.0,,,0.0,2.0,1.0,1951.0,,1.0,0.0
4457,,,,,,,,,,,,,,,,,,,,,,,,,,,,,,,,,,,,,,,,,,,,,,,,,,,,,,,,,,,,,,,,,,,,,,,,,,,,,,,,,,,,,,,,,,,,,,,,,,,,,,,,,,,,,,,,,,,,,,,,,,,,,,,,,,,,,,,,,,,,,,,,,,,,,,,,,,,,,,,,,0.0
4458,,,,,,,,,,,,,,,,,,,,,,,,,,,,,,,,,,,,,,,,,,,,,,,,,,,,,,,,,,,,,,,,,,,,,,,,,,,,,,,,,,,,,,,,,,,,,,,,,,,,,,,,,,,,,,,,,,,,,,,,,,,,,,,,,,,,,,,,,,,,,,,,,,,,,,,,,,,,,,,,,0.0
4459,,,,,,,,,,,,,,,,,,,,,,,,,,,,,,,,,,,,,,,,,,,,,,,,,,,,,,,,,,,,,,,,,,,,,,,,,,,,,,,,,,,,,,,,,,,,,,,,,,,,,,,,,,,,,,,,,,,,,,,,,,,,,,,,,,,,,,,,,,,,,,,,,,,,,,,,,,,,,,,,,0.0
4460,40.0,28.0,2084.42857143,2084.42857143,0.0,8.0,8.0,1718.875,1718.875,0.0,4.0,4.0,1822.5,1822.5,0.0,2.0,2.0,1920.0,1920.0,0.0,2.0,2.0,1725.0,1725.0,0.0,4.0,4.0,1615.25,1615.25,0.0,2.0,2.0,1620.5,1620.5,0.0,2.0,2.0,1610.0,1610.0,0.0,8.0,6.0,2516.83333333,2516.83333333,0.0,4.0,2.0,2840.0,2840.0,0.0,2.0,1.0,2750.0,,1.0,2.0,1.0,2930.0,,1.0,4.0,4.0,2355.25,2355.25,0.0,2.0,2.0,2225.5,2225.5,0.0,2.0,2.0,2485.0,2485.0,0.0,8.0,5.0,1712.2,1712.2,0.0,4.0,2.0,1625.5,1625.5,0.0,2.0,0.0,,,0.0,2.0,2.0,1625.5,1625.5,0.0,4.0,3.0,1770.0,1770.0,0.0,2.0,1.0,1740.0,,1.0,2.0,2.0,1785.0,1785.0,0.0,8.0,5.0,2266.0,2266.0,0.0,4.0,3.0,2276.66666667,2276.66666667,0.0,4.0,2.0,2250.0,2250.0,0.0,8.0,4.0,2405.25,2405.25,0.0,4.0,2.0,2780.5,2780.5,0.0,2.0,1.0,3851.0,,1.0,2.0,1.0,1710.0,,1.0,4.0,2.0,2030.0,2030.0,0.0,2.0,1.0,1430.0,,1.0,2.0,1.0,2630.0,,1.0,0.0
4461,40.0,37.0,2946.08108108,2680.38888889,1.0,8.0,8.0,2036.5,2036.5,0.0,4.0,4.0,2385.5,2385.5,0.0,2.0,2.0,2910.5,2910.5,0.0,2.0,2.0,1860.5,1860.5,0.0,4.0,4.0,1687.5,1687.5,0.0,2.0,2.0,1840.0,1840.0,0.0,2.0,2.0,1535.0,1535.0,0.0,8.0,8.0,4032.625,4032.625,0.0,4.0,4.0,3752.75,3752.75,0.0,2.0,2.0,5820.0,5820.0,0.0,2.0,2.0,1685.5,1685.5,0.0,4.0,4.0,4312.5,4312.5,0.0,2.0,2.0,3185.0,3185.0,0.0,2.0,2.0,5440.0,5440.0,0.0,8.0,6.0,5118.66666667,5118.66666667,0.0,4.0,2.0,3990.5,3990.5,0.0,2.0,1.0,6221.0,,1.0,2.0,1.0,1760.0,,1.0,4.0,4.0,5682.75,5682.75,0.0,2.0,2.0,4365.0,4365.0,0.0,2.0,2.0,7000.5,7000.5,0.0,8.0,7.0,1841.42857143,1841.42857143,0.0,4.0,3.0,1600.0,1600.0,0.0,4.0,4.0,2022.5,2022.5,0.0,8.0,8.0,2106.25,2106.25,0.0,4.0,4.0,1480.0,1480.0,0.0,2.0,2.0,1400.0,1400.0,0.0,2.0,2.0,1560.0,1560.0,0.0,4.0,4.0,2732.5,2732.5,0.0,2.0,2.0,3895.0,3895.0,0.0,2.0,2.0,1570.0,1570.0,0.0,1.0
4463,,,,,,,,,,,,,,,,,,,,,,,,,,,,,,,,,,,,,,,,,,,,,,,,,,,,,,,,,,,,,,,,,,,,,,,,,,,,,,,,,,,,,,,,,,,,,,,,,,,,,,,,,,,,,,,,,,,,,,,,,,,,,,,,,,,,,,,,,,,,,,,,,,,,,,,,,,,,,,,,,0.0
4464,,,,,,,,,,,,,,,,,,,,,,,,,,,,,,,,,,,,,,,,,,,,,,,,,,,,,,,,,,,,,,,,,,,,,,,,,,,,,,,,,,,,,,,,,,,,,,,,,,,,,,,,,,,,,,,,,,,,,,,,,,,,,,,,,,,,,,,,,,,,,,,,,,,,,,,,,,,,,,,,,0.0
4465,,,,,,,,,,,,,,,,,,,,,,,,,,,,,,,,,,,,,,,,,,,,,,,,,,,,,,,,,,,,,,,,,,,,,,,,,,,,,,,,,,,,,,,,,,,,,,,,,,,,,,,,,,,,,,,,,,,,,,,,,,,,,,,,,,,,,,,,,,,,,,,,,,,,,,,,,,,,,,,,,1.0
