proband_id,test_name,phase,trialn,posx,posy,dposx,dposy,rsp,rt,total_time
4273,orientation,first,0,44,-336,233,131,0,1740,1748
4273,orientation,first,1,291,-190,310,-249,0,1410,3165
4273,orientation,first,2,174,158,-198,-147,0,1000,4171
4273,orientation,first,3,249,-155,-163,283,0,1150,5327
4273,orientation,first,4,144,171,260,315,0,1030,6363
4273,orientation,first,5,292,-24,-346,-300,0,1140,7509
4273,orientation,first,6,-136,-184,174,-307,0,1720,9235
4273,orientation,first,7,-314,-191,209,-166,0,450,10881
4273,orientation,first,8,76,54,-282,128,0,1470,12356
4273,orientation,first,9,-192,168,124,-343,0,1350,13711
4273,orientation,last,0,-31,-224,233,131,0,1621,1632
4273,orientation,last,1,-273,-68,310,-249,0,950,2585
4273,orientation,last,2,178,207,-198,-147,0,990,3579
4273,orientation,last,3,40,-55,-163,283,0,1090,4676
4273,orientation,last,4,-241,-116,260,315,0,1070,5753
4273,orientation,last,5,-95,-43,-346,-300,0,740,6500
4273,orientation,last,6,287,199,174,-307,0,2140,8647
4273,orientation,last,7,124,321,209,-166,0,1010,9664
4273,orientation,last,8,-123,133,-282,128,0,1340,11012
4273,orientation,last,9,138,284,124,-343,0,1440,12459
4307,orientation,first,0,347,316,92,-310,0,1030,1038
4307,orientation,first,1,-5,172,300,-309,0,840,1884
4307,orientation,first,2,138,-67,380,-18,0,840,2730
4307,orientation,first,3,-11,-165,-387,-47,0,690,3426
4307,orientation,first,4,211,-216,-186,-385,0,630,4062
4307,orientation,first,5,205,-348,-189,-153,0,680,4748
4307,orientation,first,6,-209,-253,361,125,0,800,5554
4307,orientation,first,7,-358,-211,-311,104,0,700,6260
4307,orientation,first,8,-43,-37,-231,247,0,930,7196
4307,orientation,first,9,122,-264,-71,-192,0,940,8141
4307,orientation,last,0,298,-88,92,-310,0,730,737
4307,orientation,last,1,-77,36,300,-309,0,840,1585
4307,orientation,last,2,98,73,380,-18,0,700,2292
4307,orientation,last,3,244,187,-387,-47,0,810,3109
4307,orientation,last,4,33,169,-186,-385,0,730,3846
4307,orientation,last,5,146,341,-189,-153,0,750,4603
4307,orientation,last,6,-136,336,361,125,0,700,5310
4307,orientation,last,7,-147,201,-311,104,0,690,6007
4307,orientation,last,8,-294,-102,-231,247,0,1060,7074
4307,orientation,last,9,-33,-313,-71,-192,0,890,7972
4346,orientation,first,0,44,-336,233,131,0,1400,1408
4346,orientation,first,1,291,-190,310,-249,0,1000,2415
4346,orientation,first,2,174,158,-198,-147,0,1171,3592
4346,orientation,first,3,249,-155,-163,283,0,1220,4818
4346,orientation,first,4,144,171,260,315,0,1210,6034
4346,orientation,first,5,292,-24,-346,-300,0,1240,7280
4346,orientation,first,6,-136,-184,174,-307,0,990,8276
4346,orientation,first,7,-314,-191,209,-166,0,1060,9342
4346,orientation,first,8,76,54,-282,128,0,1170,10518
4346,orientation,first,9,-192,168,124,-343,0,1190,11714
4346,orientation,last,0,-31,-224,233,131,0,1060,1069
4346,orientation,last,1,-273,-68,310,-249,0,1140,2214
4346,orientation,last,2,178,207,-198,-147,0,1210,3431
4346,orientation,last,3,40,-55,-163,283,0,1160,4598
4346,orientation,last,4,-241,-116,260,315,0,1200,5805
4346,orientation,last,5,-95,-43,-346,-300,0,1060,6872
4346,orientation,last,6,287,199,174,-307,0,1300,8179
4346,orientation,last,7,124,321,209,-166,0,941,9127
4346,orientation,last,8,-123,133,-282,128,0,1180,10315
4346,orientation,last,9,138,284,124,-343,0,1390,11713
4365,orientation,first,0,44,-336,233,131,0,840,848
4365,orientation,first,1,291,-190,310,-249,0,660,1514
4365,orientation,first,2,174,158,-198,-147,0,950,2470
4365,orientation,first,3,249,-155,-163,283,0,1090,3566
4365,orientation,first,4,144,171,260,315,0,770,4342
4365,orientation,first,5,292,-24,-346,-300,0,670,5018
4365,orientation,first,6,-136,-184,174,-307,0,740,5763
4365,orientation,first,7,-314,-191,209,-166,0,690,6458
4365,orientation,first,8,76,54,-282,128,0,990,7453
4365,orientation,first,9,-192,168,124,-343,0,770,8228
4365,orientation,last,0,-31,-224,233,131,0,1350,1359
4365,orientation,last,1,-273,-68,310,-249,0,820,2187
4365,orientation,last,2,178,207,-198,-147,0,1340,3534
4365,orientation,last,3,40,-55,-163,283,0,1000,4541
4365,orientation,last,4,-241,-116,260,315,0,1280,5828
4365,orientation,last,5,-95,-43,-346,-300,0,710,6545
4365,orientation,last,6,287,199,174,-307,0,850,7402
4365,orientation,last,7,124,321,209,-166,0,1040,8450
4365,orientation,last,8,-123,133,-282,128,0,861,9319
4365,orientation,last,9,138,284,124,-343,0,960,10287
4367,orientation,first,0,44,-336,233,131,0,8990,8998
4367,orientation,first,1,291,-190,310,-249,0,2110,11115
4367,orientation,first,2,174,158,-198,-147,0,2901,14022
4367,orientation,first,3,249,-155,-163,283,0,3101,17129
4367,orientation,first,4,144,171,260,315,0,3180,20315
4367,orientation,first,5,292,-24,-346,-300,0,2900,23221
4367,orientation,first,6,-136,-184,174,-307,0,3300,26527
4367,orientation,first,7,-314,-191,209,-166,0,1841,30244
4367,orientation,first,8,76,54,-282,128,0,3430,33680
4367,orientation,first,9,-192,168,124,-343,0,3160,36846
4367,orientation,last,0,-31,-224,233,131,0,2970,2976
4367,orientation,last,1,-273,-68,310,-249,0,2510,5494
4367,orientation,last,2,178,207,-198,-147,0,2700,8202
4367,orientation,last,3,40,-55,-163,283,0,1851,10061
4367,orientation,last,4,-241,-116,260,315,0,2530,12598
4367,orientation,last,5,-95,-43,-346,-300,0,2270,14875
4367,orientation,last,6,287,199,174,-307,0,2470,17353
4367,orientation,last,7,124,321,209,-166,0,2500,19861
4367,orientation,last,8,-123,133,-282,128,0,2490,22359
4367,orientation,last,9,138,284,124,-343,0,2120,24487
4368,orientation,first,0,44,-336,233,131,0,250,26807
4368,orientation,first,1,291,-190,310,-249,0,20,31879
4368,orientation,first,2,174,158,-198,-147,0,4160,46333
4368,orientation,first,3,249,-155,-163,283,0,1520,47859
4368,orientation,first,4,144,171,260,315,0,720,50396
4368,orientation,first,5,292,-24,-346,-300,0,980,52432
4368,orientation,first,6,-136,-184,174,-307,0,1310,54477
4368,orientation,first,7,-314,-191,209,-166,0,680,55672
4368,orientation,first,8,76,54,-282,128,0,720,56867
4368,orientation,first,9,-192,168,124,-343,0,430,59012
4368,orientation,last,0,-31,-224,233,131,0,650,657
4368,orientation,last,1,-273,-68,310,-249,0,480,1804
4368,orientation,last,2,178,207,-198,-147,0,400,2811
4368,orientation,last,3,40,-55,-163,283,0,610,3978
4368,orientation,last,4,-241,-116,260,315,0,1060,5475
4368,orientation,last,5,-95,-43,-346,-300,0,780,6262
4368,orientation,last,6,287,199,174,-307,0,970,7239
4368,orientation,last,7,124,321,209,-166,0,720,9147
4368,orientation,last,8,-123,133,-282,128,0,600,10164
4368,orientation,last,9,138,284,124,-343,0,530,11271
4369,orientation,first,0,44,-336,233,131,0,1930,1938
4369,orientation,first,1,291,-190,310,-249,0,940,2884
4369,orientation,first,2,174,158,-198,-147,0,910,3800
4369,orientation,first,3,249,-155,-163,283,0,950,4756
4369,orientation,first,4,144,171,260,315,0,700,5462
4369,orientation,first,5,292,-24,-346,-300,0,820,6288
4369,orientation,first,6,-136,-184,174,-307,0,1130,7424
4369,orientation,first,7,-314,-191,209,-166,0,1190,8620
4369,orientation,first,8,76,54,-282,128,0,1570,10195
4369,orientation,first,9,-192,168,124,-343,0,1100,11300
4369,orientation,last,0,-31,-224,233,131,0,840,849
4369,orientation,last,1,-273,-68,310,-249,0,830,1687
4369,orientation,last,2,178,207,-198,-147,0,1051,2745
4369,orientation,last,3,40,-55,-163,283,0,1030,3782
4369,orientation,last,4,-241,-116,260,315,0,990,4779
4369,orientation,last,5,-95,-43,-346,-300,0,790,5576
4369,orientation,last,6,287,199,174,-307,0,1170,6753
4369,orientation,last,7,124,321,209,-166,0,1060,7820
4369,orientation,last,8,-123,133,-282,128,0,960,8787
4369,orientation,last,9,138,284,124,-343,0,1220,10015
4370,orientation,first,0,44,-336,233,131,0,2060,2066
4370,orientation,first,1,291,-190,310,-249,0,1530,3602
4370,orientation,first,2,174,158,-198,-147,0,1330,4938
4370,orientation,first,3,249,-155,-163,283,0,730,7035
4370,orientation,first,4,144,171,260,315,0,1020,8061
4370,orientation,first,5,292,-24,-346,-300,0,870,8937
4370,orientation,first,6,-136,-184,174,-307,0,1500,10443
4370,orientation,first,7,-314,-191,209,-166,0,1250,11699
4370,orientation,first,8,76,54,-282,128,0,480,13675
4370,orientation,first,9,-192,168,124,-343,0,1240,14920
4370,orientation,last,0,-31,-224,233,131,0,1300,1307
4370,orientation,last,1,-273,-68,310,-249,1,2010,3325
4370,orientation,last,1,-273,-68,310,-249,0,1270,4595
4370,orientation,last,2,178,207,-198,-147,0,1260,5862
4370,orientation,last,3,40,-55,-163,283,0,880,6750
4370,orientation,last,4,-241,-116,260,315,0,980,7737
4370,orientation,last,5,-95,-43,-346,-300,0,1011,8755
4370,orientation,last,6,287,199,174,-307,0,1280,10042
4370,orientation,last,7,124,321,209,-166,0,1170,11219
4370,orientation,last,8,-123,133,-282,128,0,1180,12406
4370,orientation,last,9,138,284,124,-343,0,1350,13764
4371,orientation,first,0,44,-336,233,131,0,2150,2158
4371,orientation,first,1,291,-190,310,-249,0,1240,3404
4371,orientation,first,2,174,158,-198,-147,0,1140,4550
4371,orientation,first,3,249,-155,-163,283,0,1170,5726
4371,orientation,first,4,144,171,260,315,0,1380,7112
4371,orientation,first,5,292,-24,-346,-300,0,1350,8468
4371,orientation,first,6,-136,-184,174,-307,0,1330,9804
4371,orientation,first,7,-314,-191,209,-166,0,810,11230
4371,orientation,first,8,76,54,-282,128,0,1160,12395
4371,orientation,first,9,-192,168,124,-343,0,1441,13841
4371,orientation,last,0,-31,-224,233,131,0,960,966
4371,orientation,last,1,-273,-68,310,-249,0,960,1933
4371,orientation,last,2,178,207,-198,-147,0,1370,3310
4371,orientation,last,3,40,-55,-163,283,0,960,4277
4371,orientation,last,4,-241,-116,260,315,0,930,5214
4371,orientation,last,5,-95,-43,-346,-300,0,1420,6641
4371,orientation,last,6,287,199,174,-307,0,1190,7838
4371,orientation,last,7,124,321,209,-166,0,1100,8945
4371,orientation,last,8,-123,133,-282,128,0,1440,10392
4371,orientation,last,9,138,284,124,-343,0,1310,11710
4372,orientation,first,0,44,-336,233,131,0,1100,1108
4372,orientation,first,1,291,-190,310,-249,0,980,2095
4372,orientation,first,2,174,158,-198,-147,0,790,2891
4372,orientation,first,3,249,-155,-163,283,0,670,3567
4372,orientation,first,4,144,171,260,315,0,830,4403
4372,orientation,first,5,292,-24,-346,-300,0,960,5369
4372,orientation,first,6,-136,-184,174,-307,0,1581,6956
4372,orientation,first,7,-314,-191,209,-166,0,860,7822
4372,orientation,first,8,76,54,-282,128,0,1090,8918
4372,orientation,first,9,-192,168,124,-343,0,1060,9984
4372,orientation,last,0,-31,-224,233,131,0,460,1207
4372,orientation,last,1,-273,-68,310,-249,0,960,2175
4372,orientation,last,2,178,207,-198,-147,0,1030,3213
4372,orientation,last,3,40,-55,-163,283,0,1150,4371
4372,orientation,last,4,-241,-116,260,315,0,1260,5638
4372,orientation,last,5,-95,-43,-346,-300,0,970,6611
4372,orientation,last,6,287,199,174,-307,0,1170,7789
4372,orientation,last,7,124,321,209,-166,0,780,8577
4372,orientation,last,8,-123,133,-282,128,0,1000,9585
4372,orientation,last,9,138,284,124,-343,0,1290,10883
4373,orientation,first,0,44,-336,233,131,0,2240,2248
4373,orientation,first,1,291,-190,310,-249,0,1750,4004
4373,orientation,first,2,174,158,-198,-147,0,2431,6441
4373,orientation,first,3,249,-155,-163,283,0,1490,7937
4373,orientation,first,4,144,171,260,315,0,1470,9413
4373,orientation,first,5,292,-24,-346,-300,0,930,10349
4373,orientation,first,6,-136,-184,174,-307,0,1610,11965
4373,orientation,first,7,-314,-191,209,-166,0,1660,13630
4373,orientation,first,8,76,54,-282,128,0,1390,15025
4373,orientation,first,9,-192,168,124,-343,0,1910,16940
4373,orientation,last,0,-31,-224,233,131,0,1620,1629
4373,orientation,last,1,-273,-68,310,-249,0,950,2587
4373,orientation,last,2,178,207,-198,-147,0,1400,3995
4373,orientation,last,3,40,-55,-163,283,0,981,4983
4373,orientation,last,4,-241,-116,260,315,0,1250,6240
4373,orientation,last,5,-95,-43,-346,-300,0,1210,7457
4373,orientation,last,6,287,199,174,-307,0,1020,8484
4373,orientation,last,7,124,321,209,-166,0,1240,9732
4373,orientation,last,8,-123,133,-282,128,0,1410,11150
4373,orientation,last,9,138,284,124,-343,0,1170,12328
4374,orientation,first,0,44,-336,233,131,0,1340,1348
4374,orientation,first,1,291,-190,310,-249,0,1170,2524
4374,orientation,first,2,174,158,-198,-147,0,1100,3630
4374,orientation,first,3,249,-155,-163,283,0,1101,4737
4374,orientation,first,4,144,171,260,315,0,1200,5943
4374,orientation,first,5,292,-24,-346,-300,0,1580,8809
4374,orientation,first,6,-136,-184,174,-307,0,1390,10204
4374,orientation,first,7,-314,-191,209,-166,0,1370,11579
4374,orientation,first,8,76,54,-282,128,0,1460,13044
4374,orientation,first,9,-192,168,124,-343,0,1210,14259
4374,orientation,last,0,-31,-224,233,131,0,1370,1379
4374,orientation,last,1,-273,-68,310,-249,0,1380,2767
4374,orientation,last,2,178,207,-198,-147,0,1530,4304
4374,orientation,last,3,40,-55,-163,283,0,1510,5821
4374,orientation,last,4,-241,-116,260,315,0,1461,7289
4374,orientation,last,5,-95,-43,-346,-300,0,1150,8447
4374,orientation,last,6,287,199,174,-307,0,1240,9694
4374,orientation,last,7,124,321,209,-166,0,1270,10972
4374,orientation,last,8,-123,133,-282,128,0,1150,12129
4374,orientation,last,9,138,284,124,-343,0,1390,13527
4375,orientation,first,0,44,-336,233,131,0,770,778
4375,orientation,first,1,291,-190,310,-249,0,980,1765
4375,orientation,first,2,174,158,-198,-147,0,750,3081
4375,orientation,first,3,249,-155,-163,283,0,770,3857
4375,orientation,first,4,144,171,260,315,0,920,4783
4375,orientation,first,5,292,-24,-346,-300,0,740,5529
4375,orientation,first,6,-136,-184,174,-307,0,910,6445
4375,orientation,first,7,-314,-191,209,-166,0,740,7191
4375,orientation,first,8,76,54,-282,128,0,630,8737
4375,orientation,first,9,-192,168,124,-343,0,890,9633
4375,orientation,last,0,-31,-224,233,131,0,750,760
4375,orientation,last,1,-273,-68,310,-249,0,730,1498
4375,orientation,last,2,178,207,-198,-147,0,940,2446
4375,orientation,last,3,40,-55,-163,283,0,841,3295
4375,orientation,last,4,-241,-116,260,315,0,750,4052
4375,orientation,last,5,-95,-43,-346,-300,0,811,4870
4375,orientation,last,6,287,199,174,-307,0,1030,5908
4375,orientation,last,7,124,321,209,-166,0,770,6686
4375,orientation,last,8,-123,133,-282,128,0,770,7464
4375,orientation,last,9,138,284,124,-343,0,1030,8502
4376,orientation,first,0,44,-336,233,131,0,1540,1548
4376,orientation,first,1,291,-190,310,-249,0,1170,2725
4376,orientation,first,2,174,158,-198,-147,0,3540,6271
4376,orientation,first,3,249,-155,-163,283,0,1280,7557
4376,orientation,first,4,144,171,260,315,0,1080,8640
4376,orientation,first,5,292,-24,-346,-300,0,1120,9766
4376,orientation,first,6,-136,-184,174,-307,0,1471,11243
4376,orientation,first,7,-314,-191,209,-166,0,910,12158
4376,orientation,first,8,76,54,-282,128,0,920,14283
4376,orientation,first,9,-192,168,124,-343,0,870,15158
4376,orientation,last,0,-31,-224,233,131,0,1250,1258
4376,orientation,last,1,-273,-68,310,-249,0,1050,2316
4376,orientation,last,2,178,207,-198,-147,0,1250,3573
4376,orientation,last,3,40,-55,-163,283,0,890,4470
4376,orientation,last,4,-241,-116,260,315,0,980,5457
4376,orientation,last,5,-95,-43,-346,-300,0,1030,6494
4376,orientation,last,6,287,199,174,-307,0,1250,7751
4376,orientation,last,7,124,321,209,-166,0,1040,8798
4376,orientation,last,8,-123,133,-282,128,0,1040,9846
4376,orientation,last,9,138,284,124,-343,0,1000,10854
4377,orientation,first,0,44,-336,233,131,0,970,978
4377,orientation,first,1,291,-190,310,-249,0,720,1704
4377,orientation,first,2,174,158,-198,-147,0,460,2960
4377,orientation,first,3,249,-155,-163,283,0,850,3816
4377,orientation,first,4,144,171,260,315,0,780,4602
4377,orientation,first,5,292,-24,-346,-300,0,650,5258
4377,orientation,first,6,-136,-184,174,-307,0,880,6144
4377,orientation,first,7,-314,-191,209,-166,0,700,6849
4377,orientation,first,8,76,54,-282,128,0,911,7765
4377,orientation,first,9,-192,168,124,-343,0,800,8570
4377,orientation,last,0,-31,-224,233,131,0,720,729
4377,orientation,last,1,-273,-68,310,-249,0,790,1527
4377,orientation,last,2,178,207,-198,-147,0,840,2374
4377,orientation,last,3,40,-55,-163,283,0,890,3271
4377,orientation,last,4,-241,-116,260,315,0,760,4038
4377,orientation,last,5,-95,-43,-346,-300,0,810,4855
4377,orientation,last,6,287,199,174,-307,0,960,5822
4377,orientation,last,7,124,321,209,-166,0,780,6609
4377,orientation,last,8,-123,133,-282,128,0,420,7807
4377,orientation,last,9,138,284,124,-343,0,850,8665
4378,orientation,first,0,44,-336,233,131,0,1420,1428
4378,orientation,first,1,291,-190,310,-249,0,980,2414
4378,orientation,first,2,174,158,-198,-147,0,840,3260
4378,orientation,first,3,249,-155,-163,283,0,820,4086
4378,orientation,first,4,144,171,260,315,0,870,4962
4378,orientation,first,5,292,-24,-346,-300,0,450,6219
4378,orientation,first,6,-136,-184,174,-307,0,890,7114
4378,orientation,first,7,-314,-191,209,-166,0,480,8380
4378,orientation,first,8,76,54,-282,128,0,1180,9566
4378,orientation,first,9,-192,168,124,-343,0,1050,10621
4378,orientation,last,0,-31,-224,233,131,0,740,750
4378,orientation,last,1,-273,-68,310,-249,0,800,1558
4378,orientation,last,2,178,207,-198,-147,0,990,2556
4378,orientation,last,3,40,-55,-163,283,0,820,3383
4378,orientation,last,4,-241,-116,260,315,0,680,4070
4378,orientation,last,5,-95,-43,-346,-300,0,800,4877
4378,orientation,last,6,287,199,174,-307,0,1230,6114
4378,orientation,last,7,124,321,209,-166,0,700,6822
4378,orientation,last,8,-123,133,-282,128,0,610,8419
4378,orientation,last,9,138,284,124,-343,0,1230,9657
4379,orientation,first,0,44,-336,233,131,0,1210,1218
4379,orientation,first,1,291,-190,310,-249,0,770,1995
4379,orientation,first,2,174,158,-198,-147,0,820,2821
4379,orientation,first,3,249,-155,-163,283,0,830,3657
4379,orientation,first,4,144,171,260,315,0,750,4413
4379,orientation,first,5,292,-24,-346,-300,0,680,5099
4379,orientation,first,6,-136,-184,174,-307,0,760,5865
4379,orientation,first,7,-314,-191,209,-166,0,660,6531
4379,orientation,first,8,76,54,-282,128,0,890,7427
4379,orientation,first,9,-192,168,124,-343,0,760,8193
4379,orientation,last,0,-31,-224,233,131,0,740,749
4379,orientation,last,1,-273,-68,310,-249,0,740,1497
4379,orientation,last,2,178,207,-198,-147,0,680,2185
4379,orientation,last,3,40,-55,-163,283,0,750,2943
4379,orientation,last,4,-241,-116,260,315,0,760,3710
4379,orientation,last,5,-95,-43,-346,-300,0,680,4397
4379,orientation,last,6,287,199,174,-307,0,800,5205
4379,orientation,last,7,124,321,209,-166,0,831,6044
4379,orientation,last,8,-123,133,-282,128,0,390,7762
4379,orientation,last,9,138,284,124,-343,0,320,8860
4380,orientation,first,0,44,-336,233,131,0,1970,1978
4380,orientation,first,1,291,-190,310,-249,0,1400,3384
4380,orientation,first,2,174,158,-198,-147,0,1260,4650
4380,orientation,first,3,249,-155,-163,283,0,1290,5946
4380,orientation,first,4,144,171,260,315,0,1490,7441
4380,orientation,first,5,292,-24,-346,-300,0,1310,8757
4380,orientation,first,6,-136,-184,174,-307,0,1490,10253
4380,orientation,first,7,-314,-191,209,-166,0,1730,11989
4380,orientation,first,8,76,54,-282,128,0,1930,13925
4380,orientation,first,9,-192,168,124,-343,0,1330,15260
4380,orientation,last,0,-31,-224,233,131,0,1611,1620
4380,orientation,last,1,-273,-68,310,-249,0,1180,2807
4380,orientation,last,2,178,207,-198,-147,0,1590,4404
4380,orientation,last,3,40,-55,-163,283,0,1370,5781
4380,orientation,last,4,-241,-116,260,315,0,1690,7478
4380,orientation,last,5,-95,-43,-346,-300,0,1150,8635
4380,orientation,last,6,287,199,174,-307,0,1290,9932
4380,orientation,last,7,124,321,209,-166,0,1131,11070
4380,orientation,last,8,-123,133,-282,128,0,1420,12497
4380,orientation,last,9,138,284,124,-343,0,1630,14135
4381,orientation,first,0,44,-336,233,131,0,990,998
4381,orientation,first,1,291,-190,310,-249,0,620,1625
4381,orientation,first,2,174,158,-198,-147,0,630,3011
4381,orientation,first,3,249,-155,-163,283,0,670,3685
4381,orientation,first,4,144,171,260,315,0,711,4400
4381,orientation,first,5,292,-24,-346,-300,0,670,5076
4381,orientation,first,6,-136,-184,174,-307,0,900,5982
4381,orientation,first,7,-314,-191,209,-166,0,810,6798
4381,orientation,first,8,76,54,-282,128,0,730,7534
4381,orientation,first,9,-192,168,124,-343,0,770,8307
4381,orientation,last,0,-31,-224,233,131,0,620,627
4381,orientation,last,1,-273,-68,310,-249,0,640,1275
4381,orientation,last,2,178,207,-198,-147,0,680,1963
4381,orientation,last,3,40,-55,-163,283,0,620,2590
4381,orientation,last,4,-241,-116,260,315,0,580,3177
4381,orientation,last,5,-95,-43,-346,-300,0,410,4114
4381,orientation,last,6,287,199,174,-307,0,890,5012
4381,orientation,last,7,124,321,209,-166,0,750,5770
4381,orientation,last,8,-123,133,-282,128,0,720,6498
4381,orientation,last,9,138,284,124,-343,0,740,7246
4382,orientation,first,0,44,-336,233,131,0,2160,2168
4382,orientation,first,1,291,-190,310,-249,0,1110,3284
4382,orientation,first,2,174,158,-198,-147,0,810,4100
4382,orientation,first,3,249,-155,-163,283,0,890,4996
4382,orientation,first,4,144,171,260,315,0,820,5822
4382,orientation,first,5,292,-24,-346,-300,0,880,6708
4382,orientation,first,6,-136,-184,174,-307,0,860,7574
4382,orientation,first,7,-314,-191,209,-166,0,740,8320
4382,orientation,first,8,76,54,-282,128,0,870,9196
4382,orientation,first,9,-192,168,124,-343,0,850,10051
4382,orientation,last,0,-31,-224,233,131,0,730,739
4382,orientation,last,1,-273,-68,310,-249,0,700,1447
4382,orientation,last,2,178,207,-198,-147,0,790,2244
4382,orientation,last,3,40,-55,-163,283,0,890,3141
4382,orientation,last,4,-241,-116,260,315,0,810,3958
4382,orientation,last,5,-95,-43,-346,-300,0,830,4795
4382,orientation,last,6,287,199,174,-307,0,730,5532
4382,orientation,last,7,124,321,209,-166,0,800,6339
4382,orientation,last,8,-123,133,-282,128,0,861,7208
4382,orientation,last,9,138,284,124,-343,0,800,8016
4383,orientation,first,0,44,-336,233,131,0,740,748
4383,orientation,first,1,291,-190,310,-249,0,610,1364
4383,orientation,first,2,174,158,-198,-147,0,820,2190
4383,orientation,first,3,249,-155,-163,283,0,820,3016
4383,orientation,first,4,144,171,260,315,0,760,3782
4383,orientation,first,5,292,-24,-346,-300,0,720,4508
4383,orientation,first,6,-136,-184,174,-307,0,660,5173
4383,orientation,first,7,-314,-191,209,-166,0,530,5708
4383,orientation,first,8,76,54,-282,128,0,340,6813
4383,orientation,first,9,-192,168,124,-343,0,830,7648
4383,orientation,last,0,-31,-224,233,131,0,790,800
4383,orientation,last,1,-273,-68,310,-249,0,800,1607
4383,orientation,last,2,178,207,-198,-147,0,710,2324
4383,orientation,last,3,40,-55,-163,283,0,730,3061
4383,orientation,last,4,-241,-116,260,315,0,740,3808
4383,orientation,last,5,-95,-43,-346,-300,0,441,5066
4383,orientation,last,6,287,199,174,-307,0,330,6213
4383,orientation,last,7,124,321,209,-166,0,650,6870
4383,orientation,last,8,-123,133,-282,128,0,890,7768
4383,orientation,last,9,138,284,124,-343,0,840,8616
4384,orientation,first,0,44,-336,233,131,0,2270,2278
4384,orientation,first,1,291,-190,310,-249,0,2030,4314
4384,orientation,first,2,174,158,-198,-147,0,1650,5970
4384,orientation,first,3,249,-155,-163,283,0,1070,7046
4384,orientation,first,4,144,171,260,315,0,1460,8512
4384,orientation,first,5,292,-24,-346,-300,0,1250,9768
4384,orientation,first,6,-136,-184,174,-307,0,3480,13254
4384,orientation,first,7,-314,-191,209,-166,0,580,15059
4384,orientation,first,8,76,54,-282,128,0,2211,17275
4384,orientation,first,9,-192,168,124,-343,0,1290,19840
4384,orientation,last,0,-31,-224,233,131,0,2060,2069
4384,orientation,last,1,-273,-68,310,-249,0,1120,3197
4384,orientation,last,2,178,207,-198,-147,0,1470,4674
4384,orientation,last,3,40,-55,-163,283,0,1620,6301
4384,orientation,last,4,-241,-116,260,315,0,1250,7558
4384,orientation,last,5,-95,-43,-346,-300,0,900,8465
4384,orientation,last,6,287,199,174,-307,0,1630,10102
4384,orientation,last,7,124,321,209,-166,0,1370,11479
4384,orientation,last,8,-123,133,-282,128,0,1480,12966
4384,orientation,last,9,138,284,124,-343,0,1541,14515
4385,orientation,first,0,44,-336,233,131,0,2940,2948
4385,orientation,first,1,291,-190,310,-249,0,2711,8215
4385,orientation,first,2,174,158,-198,-147,0,1770,9991
4385,orientation,first,3,249,-155,-163,283,0,7220,17217
4385,orientation,first,4,144,171,260,315,0,1150,18373
4385,orientation,first,5,292,-24,-346,-300,0,1780,20158
4385,orientation,first,6,-136,-184,174,-307,0,1530,21693
4385,orientation,first,7,-314,-191,209,-166,0,1100,22798
4385,orientation,first,8,76,54,-282,128,0,1591,24394
4385,orientation,first,9,-192,168,124,-343,0,1200,25599
4385,orientation,last,0,-31,-224,233,131,0,1190,1197
4385,orientation,last,1,-273,-68,310,-249,0,940,2144
4385,orientation,last,2,178,207,-198,-147,0,1050,3201
4385,orientation,last,3,40,-55,-163,283,0,1300,4508
4385,orientation,last,4,-241,-116,260,315,0,1610,6125
4385,orientation,last,5,-95,-43,-346,-300,0,1130,7259
4385,orientation,last,6,287,199,174,-307,0,1390,8656
4385,orientation,last,7,124,321,209,-166,0,1130,9793
4385,orientation,last,8,-123,133,-282,128,0,1390,11190
4385,orientation,last,9,138,284,124,-343,0,1150,12348
4386,orientation,first,0,44,-336,233,131,0,1400,1408
4386,orientation,first,1,291,-190,310,-249,0,1150,2564
4386,orientation,first,2,174,158,-198,-147,0,1040,3610
4386,orientation,first,3,249,-155,-163,283,0,1210,4826
4386,orientation,first,4,144,171,260,315,0,1051,5883
4386,orientation,first,5,292,-24,-346,-300,0,1100,6989
4386,orientation,first,6,-136,-184,174,-307,0,1810,10135
4386,orientation,first,7,-314,-191,209,-166,0,1010,11150
4386,orientation,first,8,76,54,-282,128,0,480,12745
4386,orientation,first,9,-192,168,124,-343,0,1080,13830
4386,orientation,last,0,-31,-224,233,131,0,990,999
4386,orientation,last,1,-273,-68,310,-249,0,970,1977
4386,orientation,last,2,178,207,-198,-147,0,1150,3134
4386,orientation,last,3,40,-55,-163,283,0,970,4111
4386,orientation,last,4,-241,-116,260,315,0,950,5064
4386,orientation,last,5,-95,-43,-346,-300,0,740,5811
4386,orientation,last,6,287,199,174,-307,0,820,6638
4386,orientation,last,7,124,321,209,-166,0,490,7916
4386,orientation,last,8,-123,133,-282,128,0,361,9194
4386,orientation,last,9,138,284,124,-343,0,1210,10412
4387,orientation,first,0,44,-336,233,131,0,2850,2858
4387,orientation,first,1,291,-190,310,-249,0,870,3734
4387,orientation,first,2,174,158,-198,-147,0,1381,5121
4387,orientation,first,3,249,-155,-163,283,0,1040,6167
4387,orientation,first,4,144,171,260,315,0,550,7463
4387,orientation,first,5,292,-24,-346,-300,0,980,8449
4387,orientation,first,6,-136,-184,174,-307,0,900,9354
4387,orientation,first,7,-314,-191,209,-166,0,1250,10609
4387,orientation,first,8,76,54,-282,128,0,1250,11864
4387,orientation,first,9,-192,168,124,-343,0,1340,13209
4387,orientation,last,0,-31,-224,233,131,0,930,939
4387,orientation,last,1,-273,-68,310,-249,0,880,1827
4387,orientation,last,2,178,207,-198,-147,0,1190,3024
4387,orientation,last,3,40,-55,-163,283,0,1100,4131
4387,orientation,last,4,-241,-116,260,315,0,520,5568
4387,orientation,last,5,-95,-43,-346,-300,0,740,6315
4387,orientation,last,6,287,199,174,-307,0,1310,7632
4387,orientation,last,7,124,321,209,-166,0,1001,8640
4387,orientation,last,8,-123,133,-282,128,0,1320,9968
4387,orientation,last,9,138,284,124,-343,0,1270,11246
4388,orientation,first,0,44,-336,233,131,0,1021,1029
4388,orientation,first,1,291,-190,310,-249,0,1480,2515
4388,orientation,first,2,174,158,-198,-147,0,1200,3721
4388,orientation,first,3,249,-155,-163,283,0,1570,5297
4388,orientation,first,4,144,171,260,315,0,1180,6483
4388,orientation,first,5,292,-24,-346,-300,0,1030,7519
4388,orientation,first,6,-136,-184,174,-307,0,1560,9085
4388,orientation,first,7,-314,-191,209,-166,0,970,10061
4388,orientation,first,8,76,54,-282,128,0,1410,11477
4388,orientation,first,9,-192,168,124,-343,0,1580,13062
4388,orientation,last,0,-31,-224,233,131,0,1080,1091
4388,orientation,last,1,-273,-68,310,-249,0,920,2019
4388,orientation,last,2,178,207,-198,-147,0,850,2876
4388,orientation,last,3,40,-55,-163,283,0,910,3793
4388,orientation,last,4,-241,-116,260,315,0,871,4671
4388,orientation,last,5,-95,-43,-346,-300,0,1050,5728
4388,orientation,last,6,287,199,174,-307,0,1300,7035
4388,orientation,last,7,124,321,209,-166,0,560,8582
4388,orientation,last,8,-123,133,-282,128,0,470,10200
4388,orientation,last,9,138,284,124,-343,0,1220,11428
4389,orientation,first,0,44,-336,233,131,0,1510,1518
4389,orientation,first,1,291,-190,310,-249,0,780,2305
4389,orientation,first,2,174,158,-198,-147,0,1050,3361
4389,orientation,first,3,249,-155,-163,283,0,1090,4457
4389,orientation,first,4,144,171,260,315,0,990,5453
4389,orientation,first,5,292,-24,-346,-300,0,800,6259
4389,orientation,first,6,-136,-184,174,-307,0,850,7115
4389,orientation,first,7,-314,-191,209,-166,0,850,7971
4389,orientation,first,8,76,54,-282,128,0,940,8917
4389,orientation,first,9,-192,168,124,-343,0,910,9833
4389,orientation,last,0,-31,-224,233,131,0,950,1949
4389,orientation,last,1,-273,-68,310,-249,0,790,2747
4389,orientation,last,2,178,207,-198,-147,0,860,3615
4389,orientation,last,3,40,-55,-163,283,0,720,4343
4389,orientation,last,4,-241,-116,260,315,0,960,5311
4389,orientation,last,5,-95,-43,-346,-300,0,650,5968
4389,orientation,last,6,287,199,174,-307,0,1111,7087
4389,orientation,last,7,124,321,209,-166,0,700,7795
4389,orientation,last,8,-123,133,-282,128,0,900,8703
4389,orientation,last,9,138,284,124,-343,0,1150,9861
4390,orientation,first,0,44,-336,233,131,0,1020,1028
4390,orientation,first,1,291,-190,310,-249,0,810,1844
4390,orientation,first,2,174,158,-198,-147,0,1220,3070
4390,orientation,first,3,249,-155,-163,283,0,1110,4186
4390,orientation,first,4,144,171,260,315,0,1090,5279
4390,orientation,first,5,292,-24,-346,-300,0,990,6275
4390,orientation,first,6,-136,-184,174,-307,0,1060,7341
4390,orientation,first,7,-314,-191,209,-166,0,1010,8357
4390,orientation,first,8,76,54,-282,128,0,1110,9473
4390,orientation,first,9,-192,168,124,-343,0,1130,10609
4390,orientation,last,0,-31,-224,233,131,0,830,837
4390,orientation,last,1,-273,-68,310,-249,0,870,1715
4390,orientation,last,2,178,207,-198,-147,0,940,2662
4390,orientation,last,3,40,-55,-163,283,0,780,3449
4390,orientation,last,4,-241,-116,260,315,0,930,4386
4390,orientation,last,5,-95,-43,-346,-300,0,700,5093
4390,orientation,last,6,287,199,174,-307,0,1341,6441
4390,orientation,last,7,124,321,209,-166,0,890,7338
4390,orientation,last,8,-123,133,-282,128,0,1190,8536
4390,orientation,last,9,138,284,124,-343,0,1410,9954
4391,orientation,first,0,44,-336,233,131,0,1040,1047
4391,orientation,first,1,291,-190,310,-249,0,320,2024
4391,orientation,first,2,174,158,-198,-147,0,1030,3058
4391,orientation,first,3,249,-155,-163,283,0,641,3702
4391,orientation,first,4,144,171,260,315,0,760,4466
4391,orientation,first,5,292,-24,-346,-300,0,780,5248
4391,orientation,first,6,-136,-184,174,-307,0,720,5972
4391,orientation,first,7,-314,-191,209,-166,0,580,6558
4391,orientation,first,8,76,54,-282,128,0,960,7520
4391,orientation,first,9,-192,168,124,-343,0,640,8163
4391,orientation,last,0,-31,-224,233,131,0,690,696
4391,orientation,last,1,-273,-68,310,-249,0,370,1733
4391,orientation,last,2,178,207,-198,-147,0,790,2528
4391,orientation,last,3,40,-55,-163,283,0,760,3295
4391,orientation,last,4,-241,-116,260,315,0,750,4052
4391,orientation,last,5,-95,-43,-346,-300,0,590,4646
4391,orientation,last,6,287,199,174,-307,0,400,5709
4391,orientation,last,7,124,321,209,-166,0,790,6502
4391,orientation,last,8,-123,133,-282,128,0,820,7325
4391,orientation,last,9,138,284,124,-343,0,1000,8328
4392,orientation,first,0,44,-336,233,131,0,1100,1108
4392,orientation,first,1,291,-190,310,-249,0,900,2015
4392,orientation,first,2,174,158,-198,-147,0,940,2961
4392,orientation,first,3,249,-155,-163,283,0,950,3917
4392,orientation,first,4,144,171,260,315,0,860,4783
4392,orientation,first,5,292,-24,-346,-300,0,870,5659
4392,orientation,first,6,-136,-184,174,-307,0,850,6515
4392,orientation,first,7,-314,-191,209,-166,0,860,7381
4392,orientation,first,8,76,54,-282,128,0,660,9267
4392,orientation,first,9,-192,168,124,-343,0,540,10733
4392,orientation,last,0,-31,-224,233,131,0,910,919
4392,orientation,last,1,-273,-68,310,-249,0,830,1757
4392,orientation,last,2,178,207,-198,-147,0,1181,2945
4392,orientation,last,3,40,-55,-163,283,0,1060,4012
4392,orientation,last,4,-241,-116,260,315,0,980,4999
4392,orientation,last,5,-95,-43,-346,-300,0,1170,6176
4392,orientation,last,6,287,199,174,-307,0,1070,7253
4392,orientation,last,7,124,321,209,-166,0,890,8151
4392,orientation,last,8,-123,133,-282,128,0,990,9149
4392,orientation,last,9,138,284,124,-343,0,1050,10207
4393,orientation,first,0,44,-336,233,131,0,1161,1169
4393,orientation,first,1,291,-190,310,-249,0,600,1775
4393,orientation,first,2,174,158,-198,-147,0,920,2701
4393,orientation,first,3,249,-155,-163,283,0,730,3437
4393,orientation,first,4,144,171,260,315,0,320,4503
4393,orientation,first,5,292,-24,-346,-300,0,770,5279
4393,orientation,first,6,-136,-184,174,-307,0,750,6035
4393,orientation,first,7,-314,-191,209,-166,0,810,6850
4393,orientation,first,8,76,54,-282,128,0,870,7726
4393,orientation,first,9,-192,168,124,-343,0,1460,9191
4393,orientation,last,0,-31,-224,233,131,0,930,939
4393,orientation,last,1,-273,-68,310,-249,0,730,1677
4393,orientation,last,2,178,207,-198,-147,0,1000,2685
4393,orientation,last,3,40,-55,-163,283,0,760,3452
4393,orientation,last,4,-241,-116,260,315,0,820,4279
4393,orientation,last,5,-95,-43,-346,-300,0,910,5196
4393,orientation,last,6,287,199,174,-307,0,620,7363
4393,orientation,last,7,124,321,209,-166,0,810,8180
4393,orientation,last,8,-123,133,-282,128,0,841,9029
4393,orientation,last,9,138,284,124,-343,0,680,9717
4394,orientation,first,0,44,-336,233,131,0,710,718
4394,orientation,first,1,291,-190,310,-249,0,740,1464
4394,orientation,first,2,174,158,-198,-147,0,760,2230
4394,orientation,first,3,249,-155,-163,283,0,570,2806
4394,orientation,first,4,144,171,260,315,0,730,3542
4394,orientation,first,5,292,-24,-346,-300,0,710,4258
4394,orientation,first,6,-136,-184,174,-307,0,700,4964
4394,orientation,first,7,-314,-191,209,-166,0,720,6449
4394,orientation,first,8,76,54,-282,128,0,870,7325
4394,orientation,first,9,-192,168,124,-343,0,1030,8360
4394,orientation,last,0,-31,-224,233,131,0,920,929
4394,orientation,last,1,-273,-68,310,-249,0,1010,1947
4394,orientation,last,2,178,207,-198,-147,0,830,2784
4394,orientation,last,3,40,-55,-163,283,0,790,3581
4394,orientation,last,4,-241,-116,260,315,0,660,4249
4394,orientation,last,5,-95,-43,-346,-300,0,640,4896
4394,orientation,last,6,287,199,174,-307,0,1161,6064
4394,orientation,last,7,124,321,209,-166,0,790,6862
4394,orientation,last,8,-123,133,-282,128,0,701,7571
4394,orientation,last,9,138,284,124,-343,0,850,8429
4395,orientation,first,0,44,-336,233,131,0,1130,1138
4395,orientation,first,1,291,-190,310,-249,0,880,2024
4395,orientation,first,2,174,158,-198,-147,0,971,3001
4395,orientation,first,3,249,-155,-163,283,0,450,4327
4395,orientation,first,4,144,171,260,315,0,1010,5343
4395,orientation,first,5,292,-24,-346,-300,0,900,6249
4395,orientation,first,6,-136,-184,174,-307,0,1160,7415
4395,orientation,first,7,-314,-191,209,-166,0,1010,8431
4395,orientation,first,8,76,54,-282,128,0,1210,9647
4395,orientation,first,9,-192,168,124,-343,0,980,10633
4395,orientation,last,0,-31,-224,233,131,0,1120,1130
4395,orientation,last,1,-273,-68,310,-249,0,990,2128
4395,orientation,last,2,178,207,-198,-147,0,1020,3156
4395,orientation,last,3,40,-55,-163,283,0,970,4134
4395,orientation,last,4,-241,-116,260,315,0,860,5002
4395,orientation,last,5,-95,-43,-346,-300,0,910,5919
4395,orientation,last,6,287,199,174,-307,0,1050,6977
4395,orientation,last,7,124,321,209,-166,0,1080,8065
4395,orientation,last,8,-123,133,-282,128,0,960,9033
4395,orientation,last,9,138,284,124,-343,0,1101,10142
4396,orientation,first,0,44,-336,233,131,0,1210,1218
4396,orientation,first,1,291,-190,310,-249,0,1150,2373
4396,orientation,first,2,174,158,-198,-147,0,1000,3379
4396,orientation,first,3,249,-155,-163,283,0,740,4125
4396,orientation,first,4,144,171,260,315,0,1050,5181
4396,orientation,first,5,292,-24,-346,-300,0,1080,6267
4396,orientation,first,6,-136,-184,174,-307,0,830,7103
4396,orientation,first,7,-314,-191,209,-166,0,880,7989
4396,orientation,first,8,76,54,-282,128,0,1180,9175
4396,orientation,first,9,-192,168,124,-343,0,920,10101
4396,orientation,last,0,-31,-224,233,131,0,1370,1379
4396,orientation,last,1,-273,-68,310,-249,0,780,2167
4396,orientation,last,2,178,207,-198,-147,0,1100,3275
4396,orientation,last,3,40,-55,-163,283,0,360,4483
4396,orientation,last,4,-241,-116,260,315,0,1080,5570
4396,orientation,last,5,-95,-43,-346,-300,0,380,6788
4396,orientation,last,6,287,199,174,-307,0,921,7717
4396,orientation,last,7,124,321,209,-166,0,760,8485
4396,orientation,last,8,-123,133,-282,128,0,870,9363
4396,orientation,last,9,138,284,124,-343,0,810,10181
4397,orientation,first,0,44,-336,233,131,0,970,978
4397,orientation,first,1,291,-190,310,-249,0,950,1935
4397,orientation,first,2,174,158,-198,-147,0,1000,2941
4397,orientation,first,3,249,-155,-163,283,0,990,3937
4397,orientation,first,4,144,171,260,315,0,840,4783
4397,orientation,first,5,292,-24,-346,-300,0,990,5779
4397,orientation,first,6,-136,-184,174,-307,0,980,6765
4397,orientation,first,7,-314,-191,209,-166,0,990,7761
4397,orientation,first,8,76,54,-282,128,0,960,8727
4397,orientation,first,9,-192,168,124,-343,0,1001,9734
4397,orientation,last,0,-31,-224,233,131,0,710,720
4397,orientation,last,1,-273,-68,310,-249,0,750,1478
4397,orientation,last,2,178,207,-198,-147,0,550,2896
4397,orientation,last,3,40,-55,-163,283,0,900,3804
4397,orientation,last,4,-241,-116,260,315,0,1030,4842
4397,orientation,last,5,-95,-43,-346,-300,0,910,5760
4397,orientation,last,6,287,199,174,-307,0,880,6648
4397,orientation,last,7,124,321,209,-166,0,1060,7716
4397,orientation,last,8,-123,133,-282,128,0,990,8714
4397,orientation,last,9,138,284,124,-343,0,970,9692
4399,orientation,first,0,44,-336,233,131,0,1010,1018
4399,orientation,first,1,291,-190,310,-249,0,680,1704
4399,orientation,first,2,174,158,-198,-147,0,890,2600
4399,orientation,first,3,249,-155,-163,283,0,1290,3896
4399,orientation,first,4,144,171,260,315,0,810,4712
4399,orientation,first,5,292,-24,-346,-300,0,930,5647
4399,orientation,first,6,-136,-184,174,-307,0,1070,6722
4399,orientation,first,7,-314,-191,209,-166,0,660,7387
4399,orientation,first,8,76,54,-282,128,0,910,8302
4399,orientation,first,9,-192,168,124,-343,0,440,9667
4399,orientation,last,0,-31,-224,233,131,0,850,858
4399,orientation,last,1,-273,-68,310,-249,0,1320,2185
4399,orientation,last,2,178,207,-198,-147,0,900,3092
4399,orientation,last,3,40,-55,-163,283,0,290,3969
4399,orientation,last,4,-241,-116,260,315,0,750,4726
4399,orientation,last,5,-95,-43,-346,-300,0,810,5543
4399,orientation,last,6,287,199,174,-307,0,1030,6580
4399,orientation,last,7,124,321,209,-166,0,861,7448
4399,orientation,last,8,-123,133,-282,128,0,960,8416
4399,orientation,last,9,138,284,124,-343,0,940,9364
4401,orientation,first,0,44,-336,233,131,0,1180,1188
4401,orientation,first,1,291,-190,310,-249,0,1340,2534
4401,orientation,first,2,174,158,-198,-147,0,850,3387
4401,orientation,first,3,249,-155,-163,283,0,1040,4433
4401,orientation,first,4,144,171,260,315,0,670,5109
4401,orientation,first,5,292,-24,-346,-300,0,1000,6112
4401,orientation,first,6,-136,-184,174,-307,0,1280,7397
4401,orientation,first,7,-314,-191,209,-166,0,1180,8582
4401,orientation,first,8,76,54,-282,128,0,1170,9754
4401,orientation,first,9,-192,168,124,-343,0,830,10589
4401,orientation,last,0,-31,-224,233,131,0,771,780
4401,orientation,last,1,-273,-68,310,-249,0,1030,1817
4401,orientation,last,2,178,207,-198,-147,0,851,2675
4401,orientation,last,3,40,-55,-163,283,0,800,3479
4401,orientation,last,4,-241,-116,260,315,0,980,4466
4401,orientation,last,5,-95,-43,-346,-300,0,620,5843
4401,orientation,last,6,287,199,174,-307,0,980,6830
4401,orientation,last,7,124,321,209,-166,0,1260,8097
4401,orientation,last,8,-123,133,-282,128,0,990,9094
4401,orientation,last,9,138,284,124,-343,0,1070,10167
4402,orientation,first,0,44,-336,233,131,0,1960,1968
4402,orientation,first,1,291,-190,310,-249,0,991,2966
4402,orientation,first,2,174,158,-198,-147,0,980,3952
4402,orientation,first,3,249,-155,-163,283,0,980,4938
4402,orientation,first,4,144,171,260,315,0,1030,5974
4402,orientation,first,5,292,-24,-346,-300,0,890,6870
4402,orientation,first,6,-136,-184,174,-307,0,1670,8546
4402,orientation,first,7,-314,-191,209,-166,0,1310,9862
4402,orientation,first,8,76,54,-282,128,0,1410,11278
4402,orientation,first,9,-192,168,124,-343,0,1140,12424
4402,orientation,last,0,-31,-224,233,131,0,970,977
4402,orientation,last,1,-273,-68,310,-249,0,370,2484
4402,orientation,last,2,178,207,-198,-147,0,380,3631
4402,orientation,last,3,40,-55,-163,283,0,910,4548
4402,orientation,last,4,-241,-116,260,315,0,840,5395
4402,orientation,last,5,-95,-43,-346,-300,0,940,6342
4402,orientation,last,6,287,199,174,-307,0,1161,7510
4402,orientation,last,7,124,321,209,-166,0,990,8507
4402,orientation,last,8,-123,133,-282,128,0,1740,10255
4402,orientation,last,9,138,284,124,-343,0,940,11203
4403,orientation,first,0,44,-336,233,131,0,1560,1568
4403,orientation,first,1,291,-190,310,-249,0,2880,4454
4403,orientation,first,2,174,158,-198,-147,0,2210,6670
4403,orientation,first,3,249,-155,-163,283,0,3060,9736
4403,orientation,first,4,144,171,260,315,0,2320,12062
4403,orientation,first,5,292,-24,-346,-300,0,740,14178
4403,orientation,first,6,-136,-184,174,-307,0,1600,15783
4403,orientation,first,7,-314,-191,209,-166,0,2021,17809
4403,orientation,first,8,76,54,-282,128,0,2170,19984
4403,orientation,first,9,-192,168,124,-343,0,1850,21839
4403,orientation,last,0,-31,-224,233,131,0,1620,1629
4403,orientation,last,1,-273,-68,310,-249,0,1540,3177
4403,orientation,last,2,178,207,-198,-147,0,1430,4615
4403,orientation,last,3,40,-55,-163,283,0,1800,6422
4403,orientation,last,4,-241,-116,260,315,0,1650,8079
4403,orientation,last,5,-95,-43,-346,-300,0,1540,9626
4403,orientation,last,6,287,199,174,-307,0,1560,11193
4403,orientation,last,7,124,321,209,-166,0,1661,12861
4403,orientation,last,8,-123,133,-282,128,0,2350,15218
4403,orientation,last,9,138,284,124,-343,0,1630,16856
4404,orientation,first,0,44,-336,233,131,0,1370,1378
4404,orientation,first,1,291,-190,310,-249,0,990,2374
4404,orientation,first,2,174,158,-198,-147,0,890,3270
4404,orientation,first,3,249,-155,-163,283,0,1060,4336
4404,orientation,first,4,144,171,260,315,0,850,5192
4404,orientation,first,5,292,-24,-346,-300,0,800,5998
4404,orientation,first,6,-136,-184,174,-307,0,1030,7034
4404,orientation,first,7,-314,-191,209,-166,0,840,7879
4404,orientation,first,8,76,54,-282,128,0,1080,8964
4404,orientation,first,9,-192,168,124,-343,0,880,9849
4404,orientation,last,0,-31,-224,233,131,0,810,816
4404,orientation,last,1,-273,-68,310,-249,0,910,1734
4404,orientation,last,2,178,207,-198,-147,0,960,2701
4404,orientation,last,3,40,-55,-163,283,0,910,3618
4404,orientation,last,4,-241,-116,260,315,0,890,4515
4404,orientation,last,5,-95,-43,-346,-300,0,890,5412
4404,orientation,last,6,287,199,174,-307,0,1131,6550
4404,orientation,last,7,124,321,209,-166,0,811,7368
4404,orientation,last,8,-123,133,-282,128,0,1050,8426
4404,orientation,last,9,138,284,124,-343,0,1340,9774
4406,orientation,first,0,44,-336,233,131,0,6110,6118
4406,orientation,first,1,291,-190,310,-249,0,4671,10796
4406,orientation,first,2,174,158,-198,-147,0,1280,12082
4406,orientation,first,3,249,-155,-163,283,0,1550,13638
4406,orientation,first,4,144,171,260,315,0,1260,14904
4406,orientation,first,5,292,-24,-346,-300,0,1450,16360
4406,orientation,first,6,-136,-184,174,-307,0,1920,18286
4406,orientation,first,7,-314,-191,209,-166,0,2140,20432
4406,orientation,first,8,76,54,-282,128,0,1920,22358
4406,orientation,first,9,-192,168,124,-343,0,1590,23954
4406,orientation,last,0,-31,-224,233,131,0,5181,5190
4406,orientation,last,1,-273,-68,310,-249,0,1450,6647
4406,orientation,last,2,178,207,-198,-147,0,1570,8224
4406,orientation,last,3,40,-55,-163,283,0,1250,9481
4406,orientation,last,4,-241,-116,260,315,0,1370,10858
4406,orientation,last,5,-95,-43,-346,-300,0,1190,12055
4406,orientation,last,6,287,199,174,-307,0,2070,14132
4406,orientation,last,7,124,321,209,-166,0,1120,15260
4406,orientation,last,8,-123,133,-282,128,0,2330,17598
4406,orientation,last,9,138,284,124,-343,0,1110,18716
4409,orientation,first,0,44,-336,233,131,0,2500,2508
4409,orientation,first,1,291,-190,310,-249,0,2380,4895
4409,orientation,first,2,174,158,-198,-147,0,3090,7991
4409,orientation,first,3,249,-155,-163,283,0,660,12218
4409,orientation,first,4,144,171,260,315,0,2540,14764
4409,orientation,first,5,292,-24,-346,-300,0,1520,18770
4409,orientation,first,6,-136,-184,174,-307,0,2610,21386
4409,orientation,first,7,-314,-191,209,-166,0,1760,23152
4409,orientation,first,8,76,54,-282,128,0,3150,26308
4409,orientation,first,9,-192,168,124,-343,0,2831,29145
4409,orientation,last,0,-31,-224,233,131,0,2620,2627
4409,orientation,last,1,-273,-68,310,-249,0,1780,4415
4409,orientation,last,2,178,207,-198,-147,0,2650,7072
4409,orientation,last,3,40,-55,-163,283,0,2320,9399
4409,orientation,last,4,-241,-116,260,315,0,1590,10996
4409,orientation,last,5,-95,-43,-346,-300,0,1380,12383
4409,orientation,last,6,287,199,174,-307,0,700,15230
4409,orientation,last,7,124,321,209,-166,0,2591,17828
4409,orientation,last,8,-123,133,-282,128,0,1810,19646
4409,orientation,last,9,138,284,124,-343,0,2000,21654
4410,orientation,first,0,44,-336,233,131,0,1520,1528
4410,orientation,first,1,291,-190,310,-249,0,980,2515
4410,orientation,first,2,174,158,-198,-147,0,1111,3632
4410,orientation,first,3,249,-155,-163,283,0,1060,4698
4410,orientation,first,4,144,171,260,315,0,870,5574
4410,orientation,first,5,292,-24,-346,-300,0,870,6450
4410,orientation,first,6,-136,-184,174,-307,0,950,7406
4410,orientation,first,7,-314,-191,209,-166,0,1100,8511
4410,orientation,first,8,76,54,-282,128,0,1160,9676
4410,orientation,first,9,-192,168,124,-343,0,1490,11172
4410,orientation,last,0,-31,-224,233,131,0,2780,2790
4410,orientation,last,1,-273,-68,310,-249,0,1110,3908
4410,orientation,last,2,178,207,-198,-147,0,1240,5156
4410,orientation,last,3,40,-55,-163,283,0,1060,6223
4410,orientation,last,4,-241,-116,260,315,0,990,7220
4410,orientation,last,5,-95,-43,-346,-300,0,1100,8327
4410,orientation,last,6,287,199,174,-307,0,1401,9736
4410,orientation,last,7,124,321,209,-166,0,940,10684
4410,orientation,last,8,-123,133,-282,128,0,1580,12272
4410,orientation,last,9,138,284,124,-343,0,1160,13440
4411,orientation,first,0,44,-336,233,131,0,5670,5678
4411,orientation,first,1,291,-190,310,-249,0,1120,6805
4411,orientation,first,2,174,158,-198,-147,0,1130,7941
4411,orientation,first,3,249,-155,-163,283,0,911,8858
4411,orientation,first,4,144,171,260,315,0,840,9704
4411,orientation,first,5,292,-24,-346,-300,0,960,10670
4411,orientation,first,6,-136,-184,174,-307,0,890,11566
4411,orientation,first,7,-314,-191,209,-166,0,930,12502
4411,orientation,first,8,76,54,-282,128,0,1150,13658
4411,orientation,first,9,-192,168,124,-343,0,1290,14953
4411,orientation,last,0,-31,-224,233,131,0,990,999
4411,orientation,last,1,-273,-68,310,-249,0,700,1707
4411,orientation,last,2,178,207,-198,-147,0,790,2505
4411,orientation,last,3,40,-55,-163,283,0,870,3382
4411,orientation,last,4,-241,-116,260,315,0,770,4160
4411,orientation,last,5,-95,-43,-346,-300,0,690,4857
4411,orientation,last,6,287,199,174,-307,0,1220,6084
4411,orientation,last,7,124,321,209,-166,0,1180,7272
4411,orientation,last,8,-123,133,-282,128,0,1070,8350
4411,orientation,last,9,138,284,124,-343,0,1060,9418
4412,orientation,first,0,44,-336,233,131,0,2090,2098
4412,orientation,first,1,291,-190,310,-249,0,1910,4015
4412,orientation,first,2,174,158,-198,-147,0,1840,5861
4412,orientation,first,3,249,-155,-163,283,0,1060,6927
4412,orientation,first,4,144,171,260,315,0,880,9063
4412,orientation,first,5,292,-24,-346,-300,0,940,11320
4412,orientation,first,6,-136,-184,174,-307,0,1670,12996
4412,orientation,first,7,-314,-191,209,-166,0,1040,14042
4412,orientation,first,8,76,54,-282,128,0,1560,15608
4412,orientation,first,9,-192,168,124,-343,0,1090,16704
4412,orientation,last,0,-31,-224,233,131,0,1020,1027
4412,orientation,last,1,-273,-68,310,-249,0,1420,2455
4412,orientation,last,2,178,207,-198,-147,0,1220,3682
4412,orientation,last,3,40,-55,-163,283,1,1430,5119
4412,orientation,last,3,40,-55,-163,283,0,850,5969
4412,orientation,last,4,-241,-116,260,315,1,1290,7266
4412,orientation,last,4,-241,-116,260,315,0,1040,8306
4412,orientation,last,5,-95,-43,-346,-300,0,1000,9313
4412,orientation,last,6,287,199,174,-307,1,1171,10491
4412,orientation,last,6,287,199,174,-307,0,760,12571
4412,orientation,last,7,124,321,209,-166,1,1040,13619
4412,orientation,last,7,124,321,209,-166,0,820,14439
4412,orientation,last,8,-123,133,-282,128,1,1220,15667
4412,orientation,last,8,-123,133,-282,128,0,1000,16667
4412,orientation,last,9,138,284,124,-343,1,1250,17925
4412,orientation,last,9,138,284,124,-343,1,500,18425
4412,orientation,last,9,138,284,124,-343,0,2030,20455
4413,orientation,first,0,44,-336,233,131,0,27131,96723
4413,orientation,first,1,291,-190,310,-249,0,43683,140412
4413,orientation,first,2,174,158,-198,-147,0,5790,146208
4413,orientation,first,3,249,-155,-163,283,0,4780,150994
4413,orientation,first,4,144,171,260,315,0,5901,156901
4413,orientation,first,5,292,-24,-346,-300,0,4910,161817
4413,orientation,first,6,-136,-184,174,-307,0,7191,176724
4413,orientation,first,7,-314,-191,209,-166,0,6930,183659
4413,orientation,first,8,76,54,-282,128,0,5060,188724
4413,orientation,first,9,-192,168,124,-343,0,5661,194390
4413,orientation,last,0,-31,-224,233,131,0,39282,39291
4413,orientation,last,1,-273,-68,310,-249,0,6490,45788
4413,orientation,last,2,178,207,-198,-147,0,5141,50936
4413,orientation,last,3,40,-55,-163,283,0,5040,55983
4413,orientation,last,4,-241,-116,260,315,0,6730,62720
4413,orientation,last,5,-95,-43,-346,-300,0,3931,66658
4413,orientation,last,6,287,199,174,-307,0,4080,70745
4413,orientation,last,7,124,321,209,-166,0,3130,73882
4413,orientation,last,8,-123,133,-282,128,0,3560,77449
4413,orientation,last,9,138,284,124,-343,0,2121,85408
4414,orientation,first,0,44,-336,233,131,0,1000,1008
4414,orientation,first,1,291,-190,310,-249,0,1170,2185
4414,orientation,first,2,174,158,-198,-147,0,1100,3291
4414,orientation,first,3,249,-155,-163,283,0,920,4217
4414,orientation,first,4,144,171,260,315,0,950,5173
4414,orientation,first,5,292,-24,-346,-300,0,960,6139
4414,orientation,first,6,-136,-184,174,-307,0,1250,7395
4414,orientation,first,7,-314,-191,209,-166,0,920,8321
4414,orientation,first,8,76,54,-282,128,0,1050,9377
4414,orientation,first,9,-192,168,124,-343,0,1130,10513
4414,orientation,last,0,-31,-224,233,131,0,840,849
4414,orientation,last,1,-273,-68,310,-249,0,830,1687
4414,orientation,last,2,178,207,-198,-147,0,980,2675
4414,orientation,last,3,40,-55,-163,283,0,880,3563
4414,orientation,last,4,-241,-116,260,315,0,840,4411
4414,orientation,last,5,-95,-43,-346,-300,0,681,5099
4414,orientation,last,6,287,199,174,-307,0,1240,6347
4414,orientation,last,7,124,321,209,-166,0,820,7175
4414,orientation,last,8,-123,133,-282,128,0,630,7813
4414,orientation,last,9,138,284,124,-343,0,940,8761
4415,orientation,first,0,44,-336,233,131,0,1051,1059
4415,orientation,first,1,291,-190,310,-249,0,940,2005
4415,orientation,first,2,174,158,-198,-147,0,920,2931
4415,orientation,first,3,249,-155,-163,283,0,860,3797
4415,orientation,first,4,144,171,260,315,0,820,4623
4415,orientation,first,5,292,-24,-346,-300,0,760,5389
4415,orientation,first,6,-136,-184,174,-307,0,1090,6484
4415,orientation,first,7,-314,-191,209,-166,0,940,7429
4415,orientation,first,8,76,54,-282,128,0,1260,8694
4415,orientation,first,9,-192,168,124,-343,0,840,9539
4415,orientation,last,0,-31,-224,233,131,0,810,819
4415,orientation,last,1,-273,-68,310,-249,0,800,1626
4415,orientation,last,2,178,207,-198,-147,0,1030,2663
4415,orientation,last,3,40,-55,-163,283,0,840,3510
4415,orientation,last,4,-241,-116,260,315,0,880,4397
4415,orientation,last,5,-95,-43,-346,-300,0,1000,5404
4415,orientation,last,6,287,199,174,-307,0,1000,6411
4415,orientation,last,7,124,321,209,-166,0,970,7388
4415,orientation,last,8,-123,133,-282,128,0,980,8375
4415,orientation,last,9,138,284,124,-343,0,1071,9454
4416,orientation,first,0,44,-336,233,131,0,710,718
4416,orientation,first,1,291,-190,310,-249,0,710,1434
4416,orientation,first,2,174,158,-198,-147,0,910,2350
4416,orientation,first,3,249,-155,-163,283,0,600,2956
4416,orientation,first,4,144,171,260,315,0,980,3942
4416,orientation,first,5,292,-24,-346,-300,0,660,4607
4416,orientation,first,6,-136,-184,174,-307,0,990,5602
4416,orientation,first,7,-314,-191,209,-166,0,360,6587
4416,orientation,first,8,76,54,-282,128,0,330,7952
4416,orientation,first,9,-192,168,124,-343,0,820,8777
4416,orientation,last,0,-31,-224,233,131,0,950,958
4416,orientation,last,1,-273,-68,310,-249,0,280,1995
4416,orientation,last,2,178,207,-198,-147,0,890,2892
4416,orientation,last,3,40,-55,-163,283,0,740,3639
4416,orientation,last,4,-241,-116,260,315,0,730,4376
4416,orientation,last,5,-95,-43,-346,-300,0,660,5043
4416,orientation,last,6,287,199,174,-307,0,790,5840
4416,orientation,last,7,124,321,209,-166,0,760,6607
4416,orientation,last,8,-123,133,-282,128,0,820,7434
4416,orientation,last,9,138,284,124,-343,0,360,8612
4417,orientation,first,0,44,-336,233,131,0,3040,6239
4417,orientation,first,1,291,-190,310,-249,0,1400,7645
4417,orientation,first,2,174,158,-198,-147,0,6620,14271
4417,orientation,first,3,249,-155,-163,283,0,1240,15517
4417,orientation,first,4,144,171,260,315,0,2941,18464
4417,orientation,first,5,292,-24,-346,-300,0,2450,20920
4417,orientation,first,6,-136,-184,174,-307,0,1460,22385
4417,orientation,first,7,-314,-191,209,-166,0,5671,28061
4417,orientation,first,8,76,54,-282,128,0,8771,36837
4417,orientation,first,9,-192,168,124,-343,0,1540,38382
4417,orientation,last,0,-31,-224,233,131,0,5570,5579
4417,orientation,last,1,-273,-68,310,-249,0,1560,7147
4417,orientation,last,2,178,207,-198,-147,0,1460,8614
4417,orientation,last,3,40,-55,-163,283,0,2000,10621
4417,orientation,last,4,-241,-116,260,315,0,1520,12148
4417,orientation,last,5,-95,-43,-346,-300,0,1340,13495
4417,orientation,last,6,287,199,174,-307,0,1761,15263
4417,orientation,last,7,124,321,209,-166,0,1460,16730
4417,orientation,last,8,-123,133,-282,128,0,1530,18268
4417,orientation,last,9,138,284,124,-343,0,1460,19736
4420,orientation,first,0,44,-336,233,131,0,910,918
4420,orientation,first,1,291,-190,310,-249,0,850,2574
4420,orientation,first,2,174,158,-198,-147,0,840,3420
4420,orientation,first,3,249,-155,-163,283,0,800,4226
4420,orientation,first,4,144,171,260,315,0,810,5042
4420,orientation,first,5,292,-24,-346,-300,0,860,5908
4420,orientation,first,6,-136,-184,174,-307,0,820,6734
4420,orientation,first,7,-314,-191,209,-166,0,801,7541
4420,orientation,first,8,76,54,-282,128,0,940,8487
4420,orientation,first,9,-192,168,124,-343,0,940,9433
4420,orientation,last,0,-31,-224,233,131,0,650,656
4420,orientation,last,1,-273,-68,310,-249,0,360,1704
4420,orientation,last,2,178,207,-198,-147,0,890,2602
4420,orientation,last,3,40,-55,-163,283,0,1040,3650
4420,orientation,last,4,-241,-116,260,315,0,1040,4697
4420,orientation,last,5,-95,-43,-346,-300,0,850,5554
4420,orientation,last,6,287,199,174,-307,0,1290,6851
4420,orientation,last,7,124,321,209,-166,0,1300,8779
4420,orientation,last,8,-123,133,-282,128,0,970,9757
4420,orientation,last,9,138,284,124,-343,0,1020,10785
4421,orientation,first,0,44,-336,233,131,0,340,938
4421,orientation,first,1,291,-190,310,-249,0,680,1624
4421,orientation,first,2,174,158,-198,-147,0,650,2280
4421,orientation,first,3,249,-155,-163,283,0,710,2996
4421,orientation,first,4,144,171,260,315,0,740,3742
4421,orientation,first,5,292,-24,-346,-300,0,621,4368
4421,orientation,first,6,-136,-184,174,-307,0,761,5134
4421,orientation,first,7,-314,-191,209,-166,0,400,6119
4421,orientation,first,8,76,54,-282,128,0,900,7024
4421,orientation,first,9,-192,168,124,-343,0,920,7949
4421,orientation,last,0,-31,-224,233,131,0,610,618
4421,orientation,last,1,-273,-68,310,-249,0,680,1306
4421,orientation,last,2,178,207,-198,-147,0,700,2014
4421,orientation,last,3,40,-55,-163,283,0,590,2611
4421,orientation,last,4,-241,-116,260,315,0,730,3348
4421,orientation,last,5,-95,-43,-346,-300,0,620,3975
4421,orientation,last,6,287,199,174,-307,0,700,4682
4421,orientation,last,7,124,321,209,-166,0,360,5790
4421,orientation,last,8,-123,133,-282,128,0,850,6648
4421,orientation,last,9,138,284,124,-343,0,1190,7846
4422,orientation,first,0,44,-336,233,131,0,670,678
4422,orientation,first,1,291,-190,310,-249,0,880,1565
4422,orientation,first,2,174,158,-198,-147,0,710,2281
4422,orientation,first,3,249,-155,-163,283,0,780,3067
4422,orientation,first,4,144,171,260,315,0,1040,4113
4422,orientation,first,5,292,-24,-346,-300,0,640,4759
4422,orientation,first,6,-136,-184,174,-307,0,1130,5895
4422,orientation,first,7,-314,-191,209,-166,0,950,6851
4422,orientation,first,8,76,54,-282,128,0,840,7697
4422,orientation,first,9,-192,168,124,-343,0,1060,8763
4422,orientation,last,0,-31,-224,233,131,0,720,726
4422,orientation,last,1,-273,-68,310,-249,0,770,1504
4422,orientation,last,2,178,207,-198,-147,0,1211,2722
4422,orientation,last,3,40,-55,-163,283,0,830,3559
4422,orientation,last,4,-241,-116,260,315,0,880,4446
4422,orientation,last,5,-95,-43,-346,-300,0,700,5153
4422,orientation,last,6,287,199,174,-307,0,920,6080
4422,orientation,last,7,124,321,209,-166,0,960,7047
4422,orientation,last,8,-123,133,-282,128,0,530,8385
4422,orientation,last,9,138,284,124,-343,0,1230,9623
4423,orientation,first,0,44,-336,233,131,0,1790,1798
4423,orientation,first,1,291,-190,310,-249,0,700,2505
4423,orientation,first,2,174,158,-198,-147,0,840,3351
4423,orientation,first,3,249,-155,-163,283,0,880,4237
4423,orientation,first,4,144,171,260,315,0,780,5023
4423,orientation,first,5,292,-24,-346,-300,0,700,5729
4423,orientation,first,6,-136,-184,174,-307,0,800,6535
4423,orientation,first,7,-314,-191,209,-166,0,840,7381
4423,orientation,first,8,76,54,-282,128,0,910,8297
4423,orientation,first,9,-192,168,124,-343,0,550,9483
4423,orientation,last,0,-31,-224,233,131,0,850,856
4423,orientation,last,1,-273,-68,310,-249,0,820,1684
4423,orientation,last,2,178,207,-198,-147,0,791,2483
4423,orientation,last,3,40,-55,-163,283,0,640,3131
4423,orientation,last,4,-241,-116,260,315,0,850,3988
4423,orientation,last,5,-95,-43,-346,-300,0,720,4715
4423,orientation,last,6,287,199,174,-307,0,1180,5902
4423,orientation,last,7,124,321,209,-166,0,870,6780
4423,orientation,last,8,-123,133,-282,128,0,840,7628
4423,orientation,last,9,138,284,124,-343,0,1070,8706
4424,orientation,first,0,44,-336,233,131,0,2340,2348
4424,orientation,first,1,291,-190,310,-249,0,2190,4545
4424,orientation,first,2,174,158,-198,-147,0,1590,6141
4424,orientation,first,3,249,-155,-163,283,0,1570,7717
4424,orientation,first,4,144,171,260,315,0,1521,9244
4424,orientation,first,5,292,-24,-346,-300,0,1720,10970
4424,orientation,first,6,-136,-184,174,-307,0,1680,12656
4424,orientation,first,7,-314,-191,209,-166,0,1350,14012
4424,orientation,first,8,76,54,-282,128,0,2050,16068
4424,orientation,first,9,-192,168,124,-343,0,2040,18114
4424,orientation,last,0,-31,-224,233,131,0,2040,2047
4424,orientation,last,1,-273,-68,310,-249,0,1280,3335
4424,orientation,last,2,178,207,-198,-147,0,1570,4912
4424,orientation,last,3,40,-55,-163,283,0,2200,7119
4424,orientation,last,4,-241,-116,260,315,0,1561,8687
4424,orientation,last,5,-95,-43,-346,-300,0,1560,10254
4424,orientation,last,6,287,199,174,-307,0,1210,11471
4424,orientation,last,7,124,321,209,-166,0,1610,13089
4424,orientation,last,8,-123,133,-282,128,0,1890,14987
4424,orientation,last,9,138,284,124,-343,0,1280,16275
4425,orientation,first,0,44,-336,233,131,0,5071,5079
4425,orientation,first,1,291,-190,310,-249,0,3060,8146
4425,orientation,first,2,174,158,-198,-147,0,1790,9942
4425,orientation,first,3,249,-155,-163,283,0,1920,11868
4425,orientation,first,4,144,171,260,315,0,930,15184
4425,orientation,first,5,292,-24,-346,-300,0,1650,16840
4425,orientation,first,6,-136,-184,174,-307,0,2040,18886
4425,orientation,first,7,-314,-191,209,-166,0,1140,20032
4425,orientation,first,8,76,54,-282,128,0,1701,21739
4425,orientation,first,9,-192,168,124,-343,0,1160,24505
4425,orientation,last,0,-31,-224,233,131,0,1310,1319
4425,orientation,last,1,-273,-68,310,-249,0,1340,2667
4425,orientation,last,2,178,207,-198,-147,0,1570,4245
4425,orientation,last,3,40,-55,-163,283,0,2180,6433
4425,orientation,last,4,-241,-116,260,315,0,2190,8631
4425,orientation,last,5,-95,-43,-346,-300,0,1860,10499
4425,orientation,last,6,287,199,174,-307,0,831,13528
4425,orientation,last,7,124,321,209,-166,0,1300,14836
4425,orientation,last,8,-123,133,-282,128,0,1630,16474
4425,orientation,last,9,138,284,124,-343,0,2190,18672
4426,orientation,first,0,44,-336,233,131,0,1330,1336
4426,orientation,first,1,291,-190,310,-249,0,990,2332
4426,orientation,first,2,174,158,-198,-147,0,1290,3628
4426,orientation,first,3,249,-155,-163,283,0,1160,4794
4426,orientation,first,4,144,171,260,315,0,1140,5940
4426,orientation,first,5,292,-24,-346,-300,0,930,6875
4426,orientation,first,6,-136,-184,174,-307,0,1510,8390
4426,orientation,first,7,-314,-191,209,-166,0,1090,9485
4426,orientation,first,8,76,54,-282,128,0,1760,11250
4426,orientation,first,9,-192,168,124,-343,0,1210,12465
4426,orientation,last,0,-31,-224,233,131,0,1140,1147
4426,orientation,last,1,-273,-68,310,-249,0,970,2125
4426,orientation,last,2,178,207,-198,-147,0,1261,3393
4426,orientation,last,3,40,-55,-163,283,0,880,4280
4426,orientation,last,4,-241,-116,260,315,0,920,5207
4426,orientation,last,5,-95,-43,-346,-300,0,880,6094
4426,orientation,last,6,287,199,174,-307,0,1660,7761
4426,orientation,last,7,124,321,209,-166,0,1180,8948
4426,orientation,last,8,-123,133,-282,128,0,1250,10206
4426,orientation,last,9,138,284,124,-343,0,1410,11624
4427,orientation,first,0,44,-336,233,131,0,1360,1368
4427,orientation,first,1,291,-190,310,-249,0,1880,3255
4427,orientation,first,2,174,158,-198,-147,0,2110,5371
4427,orientation,first,3,249,-155,-163,283,0,1720,7097
4427,orientation,first,4,144,171,260,315,0,2700,9803
4427,orientation,first,5,292,-24,-346,-300,0,1220,11029
4427,orientation,first,6,-136,-184,174,-307,0,590,12685
4427,orientation,first,7,-314,-191,209,-166,0,1071,13759
4427,orientation,first,8,76,54,-282,128,0,1050,14815
4427,orientation,first,9,-192,168,124,-343,0,560,16271
4427,orientation,last,0,-31,-224,233,131,0,860,867
4427,orientation,last,1,-273,-68,310,-249,0,1480,2354
4427,orientation,last,2,178,207,-198,-147,0,1460,3822
4427,orientation,last,3,40,-55,-163,283,0,2150,5978
4427,orientation,last,4,-241,-116,260,315,0,460,7595
4427,orientation,last,5,-95,-43,-346,-300,0,600,9429
4427,orientation,last,6,287,199,174,-307,0,910,10346
4427,orientation,last,7,124,321,209,-166,0,840,11193
4427,orientation,last,8,-123,133,-282,128,0,810,12011
4427,orientation,last,9,138,284,124,-343,0,520,13739
4428,orientation,first,0,44,-336,233,131,0,4460,21619
4428,orientation,first,1,291,-190,310,-249,0,4241,25866
4428,orientation,first,2,174,158,-198,-147,0,2560,28432
4428,orientation,first,3,249,-155,-163,283,0,1980,30418
4428,orientation,first,4,144,171,260,315,0,3120,33544
4428,orientation,first,5,292,-24,-346,-300,0,2040,35590
4428,orientation,first,6,-136,-184,174,-307,0,1920,37516
4428,orientation,first,7,-314,-191,209,-166,0,540,41932
4428,orientation,first,8,76,54,-282,128,0,1950,43887
4428,orientation,first,9,-192,168,124,-343,0,2770,50292
4428,orientation,last,0,-31,-224,233,131,0,1830,1840
4428,orientation,last,1,-273,-68,310,-249,0,2080,3923
4428,orientation,last,2,178,207,-198,-147,0,710,6561
4428,orientation,last,3,40,-55,-163,283,0,1721,8289
4428,orientation,last,4,-241,-116,260,315,0,1780,10073
4428,orientation,last,5,-95,-43,-346,-300,0,1940,12020
4428,orientation,last,6,287,199,174,-307,0,3360,15387
4428,orientation,last,7,124,321,209,-166,0,1850,17245
4428,orientation,last,8,-123,133,-282,128,0,2240,19493
4428,orientation,last,9,138,284,124,-343,0,3420,22921
4429,orientation,first,0,44,-336,233,131,0,1890,1898
4429,orientation,first,1,291,-190,310,-249,0,1360,3264
4429,orientation,first,2,174,158,-198,-147,0,2411,5681
4429,orientation,first,3,249,-155,-163,283,0,2030,7717
4429,orientation,first,4,144,171,260,315,0,1790,9513
4429,orientation,first,5,292,-24,-346,-300,0,1580,11099
4429,orientation,first,6,-136,-184,174,-307,0,1670,12775
4429,orientation,first,7,-314,-191,209,-166,0,1200,13981
4429,orientation,first,8,76,54,-282,128,0,640,16727
4429,orientation,first,9,-192,168,124,-343,0,2260,18992
4429,orientation,last,0,-31,-224,233,131,0,2171,2177
4429,orientation,last,1,-273,-68,310,-249,0,1481,3666
4429,orientation,last,2,178,207,-198,-147,0,1360,5033
4429,orientation,last,3,40,-55,-163,283,0,1340,6380
4429,orientation,last,4,-241,-116,260,315,0,1130,7517
4429,orientation,last,5,-95,-43,-346,-300,0,1780,9304
4429,orientation,last,6,287,199,174,-307,0,1340,10651
4429,orientation,last,7,124,321,209,-166,0,1040,11697
4429,orientation,last,8,-123,133,-282,128,0,1390,13095
4429,orientation,last,9,138,284,124,-343,0,2670,15773
4430,orientation,first,0,44,-336,233,131,0,1630,1636
4430,orientation,first,1,291,-190,310,-249,0,940,2579
4430,orientation,first,2,174,158,-198,-147,0,1060,3643
4430,orientation,first,3,249,-155,-163,283,0,980,4629
4430,orientation,first,4,144,171,260,315,0,1051,5686
4430,orientation,first,5,292,-24,-346,-300,0,920,6612
4430,orientation,first,6,-136,-184,174,-307,0,1140,7756
4430,orientation,first,7,-314,-191,209,-166,0,840,8600
4430,orientation,first,8,76,54,-282,128,0,1100,9705
4430,orientation,first,9,-192,168,124,-343,0,1000,10710
4430,orientation,last,0,-31,-224,233,131,0,790,796
4430,orientation,last,1,-273,-68,310,-249,0,860,1661
4430,orientation,last,2,178,207,-198,-147,0,900,2569
4430,orientation,last,3,40,-55,-163,283,0,740,3316
4430,orientation,last,4,-241,-116,260,315,0,990,4310
4430,orientation,last,5,-95,-43,-346,-300,0,480,5967
4430,orientation,last,6,287,199,174,-307,0,1030,7004
4430,orientation,last,7,124,321,209,-166,0,720,7732
4430,orientation,last,8,-123,133,-282,128,0,1010,8750
4430,orientation,last,9,138,284,124,-343,0,970,9728
4432,orientation,first,0,44,-336,233,131,0,750,760
4432,orientation,first,1,291,-190,310,-249,0,1170,1938
4432,orientation,first,2,174,158,-198,-147,0,960,2906
4432,orientation,first,3,249,-155,-163,283,0,880,3794
4432,orientation,first,4,144,171,260,315,0,1380,5182
4432,orientation,first,5,292,-24,-346,-300,0,1000,6189
4432,orientation,first,6,-136,-184,174,-307,0,820,7016
4432,orientation,first,7,-314,-191,209,-166,0,850,7873
4432,orientation,first,8,76,54,-282,128,0,580,9460
4432,orientation,first,9,-192,168,124,-343,0,900,10365
4432,orientation,last,0,-31,-224,233,131,0,890,899
4432,orientation,last,1,-273,-68,310,-249,0,990,1899
4432,orientation,last,2,178,207,-198,-147,0,340,3059
4432,orientation,last,3,40,-55,-163,283,0,830,3898
4432,orientation,last,4,-241,-116,260,315,0,1000,4907
4432,orientation,last,5,-95,-43,-346,-300,0,680,5596
4432,orientation,last,6,287,199,174,-307,0,960,6565
4432,orientation,last,7,124,321,209,-166,0,1001,7575
4432,orientation,last,8,-123,133,-282,128,0,1090,8674
4432,orientation,last,9,138,284,124,-343,0,790,9474
4433,orientation,first,0,44,-336,233,131,0,3280,3286
4433,orientation,first,1,291,-190,310,-249,0,2790,6079
4433,orientation,first,2,174,158,-198,-147,0,3870,9951
4433,orientation,first,3,249,-155,-163,283,0,3810,13763
4433,orientation,first,4,144,171,260,315,0,4121,17886
4433,orientation,first,5,292,-24,-346,-300,0,2230,20118
4433,orientation,first,6,-136,-184,174,-307,0,3090,23210
4433,orientation,first,7,-314,-191,209,-166,0,2320,25532
4433,orientation,first,8,76,54,-282,128,0,2360,27894
4433,orientation,first,9,-192,168,124,-343,0,2100,29996
4433,orientation,last,0,-31,-224,233,131,0,2470,2476
4433,orientation,last,1,-273,-68,310,-249,0,2571,5050
4433,orientation,last,2,178,207,-198,-147,0,2730,7783
4433,orientation,last,3,40,-55,-163,283,0,2170,9956
4433,orientation,last,4,-241,-116,260,315,0,2150,12109
4433,orientation,last,5,-95,-43,-346,-300,0,1780,13892
4433,orientation,last,6,287,199,174,-307,0,2760,16655
4433,orientation,last,7,124,321,209,-166,0,3020,19678
4433,orientation,last,8,-123,133,-282,128,0,2111,21792
4433,orientation,last,9,138,284,124,-343,0,1630,23425
4434,orientation,first,0,44,-336,233,131,0,1070,1078
4434,orientation,first,1,291,-190,310,-249,0,850,1935
4434,orientation,first,2,174,158,-198,-147,0,650,2591
4434,orientation,first,3,249,-155,-163,283,0,800,3397
4434,orientation,first,4,144,171,260,315,0,680,4083
4434,orientation,first,5,292,-24,-346,-300,0,750,4839
4434,orientation,first,6,-136,-184,174,-307,0,891,5736
4434,orientation,first,7,-314,-191,209,-166,0,690,6432
4434,orientation,first,8,76,54,-282,128,0,850,7288
4434,orientation,first,9,-192,168,124,-343,0,370,8554
4434,orientation,last,0,-31,-224,233,131,0,740,749
4434,orientation,last,1,-273,-68,310,-249,0,670,1427
4434,orientation,last,2,178,207,-198,-147,0,730,2165
4434,orientation,last,3,40,-55,-163,283,0,690,2862
4434,orientation,last,4,-241,-116,260,315,0,800,3669
4434,orientation,last,5,-95,-43,-346,-300,0,740,4416
4434,orientation,last,6,287,199,174,-307,0,770,5194
4434,orientation,last,7,124,321,209,-166,0,1000,6202
4434,orientation,last,8,-123,133,-282,128,0,620,6830
4434,orientation,last,9,138,284,124,-343,0,780,7618
4435,orientation,first,0,44,-336,233,131,0,1310,1318
4435,orientation,first,1,291,-190,310,-249,0,890,2214
4435,orientation,first,2,174,158,-198,-147,0,860,3080
4435,orientation,first,3,249,-155,-163,283,0,880,3966
4435,orientation,first,4,144,171,260,315,0,840,4810
4435,orientation,first,5,292,-24,-346,-300,0,810,5626
4435,orientation,first,6,-136,-184,174,-307,0,1000,6632
4435,orientation,first,7,-314,-191,209,-166,0,940,7578
4435,orientation,first,8,76,54,-282,128,0,1051,8635
4435,orientation,first,9,-192,168,124,-343,0,780,9421
4435,orientation,last,0,-31,-224,233,131,0,1170,1179
4435,orientation,last,1,-273,-68,310,-249,0,700,1887
4435,orientation,last,2,178,207,-198,-147,0,980,2875
4435,orientation,last,3,40,-55,-163,283,0,880,3763
4435,orientation,last,4,-241,-116,260,315,0,780,4551
4435,orientation,last,5,-95,-43,-346,-300,0,360,5949
4435,orientation,last,6,287,199,174,-307,0,1080,7037
4435,orientation,last,7,124,321,209,-166,0,870,7915
4435,orientation,last,8,-123,133,-282,128,0,1110,9033
4435,orientation,last,9,138,284,124,-343,0,1400,10441
4436,orientation,first,0,44,-336,233,131,0,1300,1308
4436,orientation,first,1,291,-190,310,-249,0,1290,2604
4436,orientation,first,2,174,158,-198,-147,0,1170,3780
4436,orientation,first,3,249,-155,-163,283,0,1080,4866
4436,orientation,first,4,144,171,260,315,0,1240,6112
4436,orientation,first,5,292,-24,-346,-300,0,1070,7187
4436,orientation,first,6,-136,-184,174,-307,0,990,8182
4436,orientation,first,7,-314,-191,209,-166,0,891,9858
4436,orientation,first,8,76,54,-282,128,0,970,10833
4436,orientation,first,9,-192,168,124,-343,0,1150,11988
4436,orientation,last,0,-31,-224,233,131,0,920,927
4436,orientation,last,1,-273,-68,310,-249,0,680,1615
4436,orientation,last,2,178,207,-198,-147,0,920,2543
4436,orientation,last,3,40,-55,-163,283,0,890,3440
4436,orientation,last,4,-241,-116,260,315,0,1010,4457
4436,orientation,last,5,-95,-43,-346,-300,0,730,5194
4436,orientation,last,6,287,199,174,-307,0,980,6182
4436,orientation,last,7,124,321,209,-166,0,770,6960
4436,orientation,last,8,-123,133,-282,128,0,540,8458
4436,orientation,last,9,138,284,124,-343,0,950,9416
4439,orientation,first,0,44,-336,233,131,0,1350,1358
4439,orientation,first,1,291,-190,310,-249,0,1201,2566
4439,orientation,first,2,174,158,-198,-147,0,1000,3572
4439,orientation,first,3,249,-155,-163,283,0,890,4468
4439,orientation,first,4,144,171,260,315,0,990,5464
4439,orientation,first,5,292,-24,-346,-300,0,490,6640
4439,orientation,first,6,-136,-184,174,-307,0,1120,7766
4439,orientation,first,7,-314,-191,209,-166,0,870,8642
4439,orientation,first,8,76,54,-282,128,0,1370,10018
4439,orientation,first,9,-192,168,124,-343,0,1150,11174
4439,orientation,last,0,-31,-224,233,131,0,890,900
4439,orientation,last,1,-273,-68,310,-249,0,1000,1908
4439,orientation,last,2,178,207,-198,-147,0,920,2836
4439,orientation,last,3,40,-55,-163,283,0,910,3754
4439,orientation,last,4,-241,-116,260,315,0,900,4662
4439,orientation,last,5,-95,-43,-346,-300,0,750,5420
4439,orientation,last,6,287,199,174,-307,0,1170,6598
4439,orientation,last,7,124,321,209,-166,0,950,7556
4439,orientation,last,8,-123,133,-282,128,0,1071,8635
4439,orientation,last,9,138,284,124,-343,0,1360,10003
4440,orientation,first,0,44,-336,233,131,0,1810,1818
4440,orientation,first,1,291,-190,310,-249,0,1160,2984
4440,orientation,first,2,174,158,-198,-147,0,1260,4250
4440,orientation,first,3,249,-155,-163,283,0,1020,5276
4440,orientation,first,4,144,171,260,315,0,1020,6302
4440,orientation,first,5,292,-24,-346,-300,0,1150,7458
4440,orientation,first,6,-136,-184,174,-307,0,1110,8574
4440,orientation,first,7,-314,-191,209,-166,0,1070,9650
4440,orientation,first,8,76,54,-282,128,0,1820,11475
4440,orientation,first,9,-192,168,124,-343,0,1370,12850
4440,orientation,last,0,-31,-224,233,131,0,1080,1090
4440,orientation,last,1,-273,-68,310,-249,0,1001,2099
4440,orientation,last,2,178,207,-198,-147,0,1260,3362
4440,orientation,last,3,40,-55,-163,283,0,920,4289
4440,orientation,last,4,-241,-116,260,315,0,1020,5316
4440,orientation,last,5,-95,-43,-346,-300,0,970,6293
4440,orientation,last,6,287,199,174,-307,0,1060,7360
4440,orientation,last,7,124,321,209,-166,0,1010,8378
4440,orientation,last,8,-123,133,-282,128,0,960,9346
4440,orientation,last,9,138,284,124,-343,0,1050,10404
4441,orientation,first,0,44,-336,233,131,0,2000,2008
4441,orientation,first,1,291,-190,310,-249,0,2430,4445
4441,orientation,first,2,174,158,-198,-147,0,1260,5711
4441,orientation,first,3,249,-155,-163,283,0,1320,7037
4441,orientation,first,4,144,171,260,315,0,1400,9443
4441,orientation,first,5,292,-24,-346,-300,0,1330,10779
4441,orientation,first,6,-136,-184,174,-307,0,2120,12905
4441,orientation,first,7,-314,-191,209,-166,0,1490,14401
4441,orientation,first,8,76,54,-282,128,0,2091,16498
4441,orientation,first,9,-192,168,124,-343,0,1640,18141
4441,orientation,last,0,-31,-224,233,131,0,1570,1577
4441,orientation,last,1,-273,-68,310,-249,0,500,3555
4441,orientation,last,2,178,207,-198,-147,0,1620,5183
4441,orientation,last,3,40,-55,-163,283,0,1170,6361
4441,orientation,last,4,-241,-116,260,315,0,1340,7708
4441,orientation,last,5,-95,-43,-346,-300,0,870,9425
4441,orientation,last,6,287,199,174,-307,0,580,11563
4441,orientation,last,7,124,321,209,-166,0,340,13091
4441,orientation,last,8,-123,133,-282,128,0,1931,15030
4441,orientation,last,9,138,284,124,-343,0,2520,17558
4443,orientation,first,0,44,-336,233,131,0,2050,2058
4443,orientation,first,1,291,-190,310,-249,0,1301,3365
4443,orientation,first,2,174,158,-198,-147,0,850,4221
4443,orientation,first,3,249,-155,-163,283,0,900,5127
4443,orientation,first,4,144,171,260,315,0,730,5863
4443,orientation,first,5,292,-24,-346,-300,0,610,6479
4443,orientation,first,6,-136,-184,174,-307,0,1000,7484
4443,orientation,first,7,-314,-191,209,-166,0,620,8109
4443,orientation,first,8,76,54,-282,128,0,930,9044
4443,orientation,first,9,-192,168,124,-343,0,750,9799
4443,orientation,last,0,-31,-224,233,131,0,790,799
4443,orientation,last,1,-273,-68,310,-249,0,950,1757
4443,orientation,last,2,178,207,-198,-147,0,850,2614
4443,orientation,last,3,40,-55,-163,283,0,840,3461
4443,orientation,last,4,-241,-116,260,315,0,620,4088
4443,orientation,last,5,-95,-43,-346,-300,0,440,5295
4443,orientation,last,6,287,199,174,-307,0,1310,6612
4443,orientation,last,7,124,321,209,-166,0,1190,7810
4443,orientation,last,8,-123,133,-282,128,0,840,8655
4443,orientation,last,9,138,284,124,-343,0,891,9554
4444,orientation,first,0,44,-336,233,131,0,1480,7331
4444,orientation,first,1,291,-190,310,-249,0,2030,9369
4444,orientation,first,2,174,158,-198,-147,0,1740,11117
4444,orientation,first,3,249,-155,-163,283,0,1620,12744
4444,orientation,first,4,144,171,260,315,0,1730,14482
4444,orientation,first,5,292,-24,-346,-300,0,1570,16059
4444,orientation,first,6,-136,-184,174,-307,0,1490,17556
4444,orientation,first,7,-314,-191,209,-166,0,1311,18874
4444,orientation,first,8,76,54,-282,128,0,1490,20371
4444,orientation,first,9,-192,168,124,-343,0,1420,21798
4444,orientation,last,0,-31,-224,233,131,0,1160,1167
4444,orientation,last,1,-273,-68,310,-249,0,1390,2567
4444,orientation,last,2,178,207,-198,-147,0,1260,3836
4444,orientation,last,3,40,-55,-163,283,0,430,6285
4444,orientation,last,4,-241,-116,260,315,0,1480,7774
4444,orientation,last,5,-95,-43,-346,-300,0,680,9143
4444,orientation,last,6,287,199,174,-307,0,870,11292
4444,orientation,last,7,124,321,209,-166,0,720,13791
4444,orientation,last,8,-123,133,-282,128,0,1311,15111
4444,orientation,last,9,138,284,124,-343,0,1630,16751
4445,orientation,first,0,44,-336,233,131,0,1400,1406
4445,orientation,first,1,291,-190,310,-249,0,1090,2499
4445,orientation,first,2,174,158,-198,-147,0,1070,3571
4445,orientation,first,3,249,-155,-163,283,0,1140,4714
4445,orientation,first,4,144,171,260,315,0,950,5666
4445,orientation,first,5,292,-24,-346,-300,0,330,6788
4445,orientation,first,6,-136,-184,174,-307,0,1050,7840
4445,orientation,first,7,-314,-191,209,-166,0,840,8682
4445,orientation,first,8,76,54,-282,128,0,1090,9774
4445,orientation,first,9,-192,168,124,-343,0,1330,11106
4445,orientation,last,0,-31,-224,233,131,0,1300,1306
4445,orientation,last,1,-273,-68,310,-249,0,1030,2339
4445,orientation,last,2,178,207,-198,-147,0,1240,3582
4445,orientation,last,3,40,-55,-163,283,0,941,4526
4445,orientation,last,4,-241,-116,260,315,0,690,5219
4445,orientation,last,5,-95,-43,-346,-300,0,750,5972
4445,orientation,last,6,287,199,174,-307,0,970,6945
4445,orientation,last,7,124,321,209,-166,0,860,7808
4445,orientation,last,8,-123,133,-282,128,0,880,8691
4445,orientation,last,9,138,284,124,-343,0,1160,9854
4447,orientation,first,0,44,-336,233,131,0,1170,1176
4447,orientation,first,1,291,-190,310,-249,0,740,1923
4447,orientation,first,2,174,158,-198,-147,0,850,2780
4447,orientation,first,3,249,-155,-163,283,0,310,3846
4447,orientation,first,4,144,171,260,315,0,790,4642
4447,orientation,first,5,292,-24,-346,-300,0,790,5438
4447,orientation,first,6,-136,-184,174,-307,0,971,6415
4447,orientation,first,7,-314,-191,209,-166,0,1180,7601
4447,orientation,first,8,76,54,-282,128,0,870,8477
4447,orientation,first,9,-192,168,124,-343,0,910,9393
4447,orientation,last,0,-31,-224,233,131,0,840,846
4447,orientation,last,1,-273,-68,310,-249,0,420,2294
4447,orientation,last,2,178,207,-198,-147,0,1000,3302
4447,orientation,last,3,40,-55,-163,283,0,1000,4310
4447,orientation,last,4,-241,-116,260,315,0,800,5118
4447,orientation,last,5,-95,-43,-346,-300,0,700,5826
4447,orientation,last,6,287,199,174,-307,0,940,6774
4447,orientation,last,7,124,321,209,-166,0,850,7632
4447,orientation,last,8,-123,133,-282,128,0,870,8510
4447,orientation,last,9,138,284,124,-343,0,1000,9518
4448,orientation,first,0,44,-336,233,131,0,1670,1678
4448,orientation,first,1,291,-190,310,-249,0,1070,2754
4448,orientation,first,2,174,158,-198,-147,0,840,3600
4448,orientation,first,3,249,-155,-163,283,0,1101,4707
4448,orientation,first,4,144,171,260,315,0,960,5673
4448,orientation,first,5,292,-24,-346,-300,0,820,6519
4448,orientation,first,6,-136,-184,174,-307,0,1030,7555
4448,orientation,first,7,-314,-191,209,-166,0,810,8370
4448,orientation,first,8,76,54,-282,128,0,1410,9783
4448,orientation,first,9,-192,168,124,-343,0,1220,11009
4448,orientation,last,0,-31,-224,233,131,0,1100,1109
4448,orientation,last,1,-273,-68,310,-249,0,1510,2627
4448,orientation,last,2,178,207,-198,-147,0,1040,3675
4448,orientation,last,3,40,-55,-163,283,0,1060,4742
4448,orientation,last,4,-241,-116,260,315,0,1200,5949
4448,orientation,last,5,-95,-43,-346,-300,0,1080,7036
4448,orientation,last,6,287,199,174,-307,0,1180,8223
4448,orientation,last,7,124,321,209,-166,0,1110,9341
4448,orientation,last,8,-123,133,-282,128,0,870,10219
4448,orientation,last,9,138,284,124,-343,0,1131,11358
4449,orientation,first,0,44,-336,233,131,0,950,958
4449,orientation,first,1,291,-190,310,-249,0,670,1635
4449,orientation,first,2,174,158,-198,-147,0,660,2302
4449,orientation,first,3,249,-155,-163,283,0,730,3038
4449,orientation,first,4,144,171,260,315,0,690,3734
4449,orientation,first,5,292,-24,-346,-300,0,720,4460
4449,orientation,first,6,-136,-184,174,-307,0,770,5236
4449,orientation,first,7,-314,-191,209,-166,0,800,6042
4449,orientation,first,8,76,54,-282,128,0,940,6988
4449,orientation,first,9,-192,168,124,-343,0,770,7764
4449,orientation,last,0,-31,-224,233,131,0,700,707
4449,orientation,last,1,-273,-68,310,-249,0,710,1425
4449,orientation,last,2,178,207,-198,-147,0,910,2343
4449,orientation,last,3,40,-55,-163,283,0,730,3081
4449,orientation,last,4,-241,-116,260,315,0,660,3748
4449,orientation,last,5,-95,-43,-346,-300,0,691,4446
4449,orientation,last,6,287,199,174,-307,0,860,5314
4449,orientation,last,7,124,321,209,-166,0,750,6072
4449,orientation,last,8,-123,133,-282,128,0,1200,7280
4449,orientation,last,9,138,284,124,-343,0,1291,8579
4451,orientation,first,0,44,-336,233,131,0,2400,2406
4451,orientation,first,1,291,-190,310,-249,0,1160,3569
4451,orientation,first,2,174,158,-198,-147,0,800,4371
4451,orientation,first,3,249,-155,-163,283,0,830,5203
4451,orientation,first,4,144,171,260,315,0,860,6065
4451,orientation,first,5,292,-24,-346,-300,0,1190,7257
4451,orientation,first,6,-136,-184,174,-307,0,980,8239
4451,orientation,first,7,-314,-191,209,-166,0,940,9181
4451,orientation,first,8,76,54,-282,128,0,1521,10704
4451,orientation,first,9,-192,168,124,-343,0,1090,11796
4451,orientation,last,0,-31,-224,233,131,0,1200,1206
4451,orientation,last,1,-273,-68,310,-249,0,960,2169
4451,orientation,last,2,178,207,-198,-147,0,1080,3252
4451,orientation,last,3,40,-55,-163,283,0,1050,4305
4451,orientation,last,4,-241,-116,260,315,0,910,5218
4451,orientation,last,5,-95,-43,-346,-300,0,930,6151
4451,orientation,last,6,287,199,174,-307,0,930,7084
4451,orientation,last,7,124,321,209,-166,0,1120,8207
4451,orientation,last,8,-123,133,-282,128,0,1270,9480
4451,orientation,last,9,138,284,124,-343,0,1040,10523
4453,orientation,first,0,44,-336,233,131,0,900,908
4453,orientation,first,1,291,-190,310,-249,0,830,1744
4453,orientation,first,2,174,158,-198,-147,0,770,2520
4453,orientation,first,3,249,-155,-163,283,0,730,3256
4453,orientation,first,4,144,171,260,315,0,780,4042
4453,orientation,first,5,292,-24,-346,-300,0,670,4718
4453,orientation,first,6,-136,-184,174,-307,0,910,5634
4453,orientation,first,7,-314,-191,209,-166,0,870,6509
4453,orientation,first,8,76,54,-282,128,0,690,7204
4453,orientation,first,9,-192,168,124,-343,0,470,8369
4453,orientation,last,0,-31,-224,233,131,0,870,878
4453,orientation,last,1,-273,-68,310,-249,0,590,1476
4453,orientation,last,2,178,207,-198,-147,0,840,2324
4453,orientation,last,3,40,-55,-163,283,0,730,3061
4453,orientation,last,4,-241,-116,260,315,0,580,3648
4453,orientation,last,5,-95,-43,-346,-300,0,610,4265
4453,orientation,last,6,287,199,174,-307,0,870,5142
4453,orientation,last,7,124,321,209,-166,0,910,6059
4453,orientation,last,8,-123,133,-282,128,0,821,6888
4453,orientation,last,9,138,284,124,-343,0,800,7696
4456,orientation,first,0,44,-336,233,131,0,990,998
4456,orientation,first,1,291,-190,310,-249,0,820,1825
4456,orientation,first,2,174,158,-198,-147,0,791,2622
4456,orientation,first,3,249,-155,-163,283,0,1130,3758
4456,orientation,first,4,144,171,260,315,0,880,4644
4456,orientation,first,5,292,-24,-346,-300,0,1000,5650
4456,orientation,first,6,-136,-184,174,-307,0,1260,6916
4456,orientation,first,7,-314,-191,209,-166,0,1050,7972
4456,orientation,first,8,76,54,-282,128,0,780,8758
4456,orientation,first,9,-192,168,124,-343,0,1050,9814
4456,orientation,last,0,-31,-224,233,131,0,830,839
4456,orientation,last,1,-273,-68,310,-249,0,730,1577
4456,orientation,last,2,178,207,-198,-147,0,910,2495
4456,orientation,last,3,40,-55,-163,283,0,870,3372
4456,orientation,last,4,-241,-116,260,315,0,840,4219
4456,orientation,last,5,-95,-43,-346,-300,0,810,5036
4456,orientation,last,6,287,199,174,-307,0,1280,6323
4456,orientation,last,7,124,321,209,-166,0,1110,7441
4456,orientation,last,8,-123,133,-282,128,0,1050,8499
4456,orientation,last,9,138,284,124,-343,0,1160,9667
4460,orientation,first,0,44,-336,233,131,0,1490,1498
4460,orientation,first,1,291,-190,310,-249,0,1140,2645
4460,orientation,first,2,174,158,-198,-147,0,800,4591
4460,orientation,first,3,249,-155,-163,283,0,1480,6077
4460,orientation,first,4,144,171,260,315,0,1520,7603
4460,orientation,first,5,292,-24,-346,-300,0,1560,9169
4460,orientation,first,6,-136,-184,174,-307,0,660,11485
4460,orientation,first,7,-314,-191,209,-166,0,1760,13251
4460,orientation,first,8,76,54,-282,128,0,1611,14867
4460,orientation,first,9,-192,168,124,-343,0,1450,16322
4460,orientation,last,0,-31,-224,233,131,0,850,856
4460,orientation,last,1,-273,-68,310,-249,0,1260,2124
4460,orientation,last,2,178,207,-198,-147,0,1260,3392
4460,orientation,last,3,40,-55,-163,283,0,1070,4469
4460,orientation,last,4,-241,-116,260,315,0,1420,5896
4460,orientation,last,5,-95,-43,-346,-300,0,1030,6933
4460,orientation,last,6,287,199,174,-307,0,1380,8320
4460,orientation,last,7,124,321,209,-166,0,1050,9378
4460,orientation,last,8,-123,133,-282,128,0,1170,10556
4460,orientation,last,9,138,284,124,-343,0,880,12824
4461,orientation,first,0,44,-336,233,131,0,6861,6869
4461,orientation,first,1,291,-190,310,-249,0,1540,8416
4461,orientation,first,2,174,158,-198,-147,0,1020,9442
4461,orientation,first,3,249,-155,-163,283,0,1270,10718
4461,orientation,first,4,144,171,260,315,0,1190,11914
4461,orientation,first,5,292,-24,-346,-300,0,980,12900
4461,orientation,first,6,-136,-184,174,-307,0,1060,13966
4461,orientation,first,7,-314,-191,209,-166,0,940,14912
4461,orientation,first,8,76,54,-282,128,0,930,15848
4461,orientation,first,9,-192,168,124,-343,0,1000,16854
4461,orientation,last,0,-31,-224,233,131,0,1620,1628
4461,orientation,last,1,-273,-68,310,-249,0,1040,2676
4461,orientation,last,2,178,207,-198,-147,0,1251,3935
4461,orientation,last,3,40,-55,-163,283,0,970,4913
4461,orientation,last,4,-241,-116,260,315,0,1090,6010
4461,orientation,last,5,-95,-43,-346,-300,0,750,6768
4461,orientation,last,6,287,199,174,-307,0,1290,8066
4461,orientation,last,7,124,321,209,-166,0,1070,9144
4461,orientation,last,8,-123,133,-282,128,0,1000,10152
4461,orientation,last,9,138,284,124,-343,0,1040,11200
4462,orientation,first,0,44,-336,233,131,0,4000,5168
4462,orientation,first,1,291,-190,310,-249,0,780,5954
4462,orientation,first,2,174,158,-198,-147,0,980,6940
4462,orientation,first,3,249,-155,-163,283,0,650,7596
4462,orientation,first,4,144,171,260,315,0,870,8472
4462,orientation,first,5,292,-24,-346,-300,0,790,9268
4462,orientation,first,6,-136,-184,174,-307,0,900,10173
4462,orientation,first,7,-314,-191,209,-166,0,2060,13809
4462,orientation,first,8,76,54,-282,128,0,1201,15015
4462,orientation,first,9,-192,168,124,-343,0,940,15960
4462,orientation,last,0,-31,-224,233,131,0,830,840
4462,orientation,last,1,-273,-68,310,-249,0,900,1748
4462,orientation,last,2,178,207,-198,-147,0,1320,3076
4462,orientation,last,3,40,-55,-163,283,0,1010,4093
4462,orientation,last,4,-241,-116,260,315,0,950,5050
4462,orientation,last,5,-95,-43,-346,-300,0,1050,6107
4462,orientation,last,6,287,199,174,-307,0,1490,7604
4462,orientation,last,7,124,321,209,-166,0,1140,8752
4462,orientation,last,8,-123,133,-282,128,0,1160,9920
4462,orientation,last,9,138,284,124,-343,0,1100,11028
4465,orientation,first,0,44,-336,233,131,0,1200,2408
4465,orientation,first,1,291,-190,310,-249,0,1210,3625
4465,orientation,first,2,174,158,-198,-147,0,1770,5402
4465,orientation,first,3,249,-155,-163,283,0,1450,6858
4465,orientation,first,4,144,171,260,315,0,460,8384
4465,orientation,first,5,292,-24,-346,-300,0,930,9320
4465,orientation,first,6,-136,-184,174,-307,0,1341,10667
4465,orientation,first,7,-314,-191,209,-166,0,1190,11863
4465,orientation,first,8,76,54,-282,128,0,1180,13049
4465,orientation,first,9,-192,168,124,-343,0,1360,14415
4465,orientation,last,0,-31,-224,233,131,0,980,987
4465,orientation,last,1,-273,-68,310,-249,0,870,1865
4465,orientation,last,2,178,207,-198,-147,0,1130,3003
4465,orientation,last,3,40,-55,-163,283,0,540,4281
4465,orientation,last,4,-241,-116,260,315,0,820,5108
4465,orientation,last,5,-95,-43,-346,-300,0,890,6005
4465,orientation,last,6,287,199,174,-307,0,1160,7173
4465,orientation,last,7,124,321,209,-166,0,1170,8351
4465,orientation,last,8,-123,133,-282,128,0,1180,9539
4465,orientation,last,9,138,284,124,-343,0,1290,10837
4467,orientation,first,0,44,-336,233,131,0,1960,1968
4467,orientation,first,1,291,-190,310,-249,0,1270,3244
4467,orientation,first,2,174,158,-198,-147,0,1580,4831
4467,orientation,first,3,249,-155,-163,283,0,1491,6328
4467,orientation,first,4,144,171,260,315,0,1470,7804
4467,orientation,first,5,292,-24,-346,-300,0,1310,9120
4467,orientation,first,6,-136,-184,174,-307,0,1460,10586
4467,orientation,first,7,-314,-191,209,-166,0,1530,12122
4467,orientation,first,8,76,54,-282,128,0,660,14327
4467,orientation,first,9,-192,168,124,-343,0,1380,15712
4467,orientation,last,0,-31,-224,233,131,0,1220,1227
4467,orientation,last,1,-273,-68,310,-249,0,1180,2415
4467,orientation,last,2,178,207,-198,-147,0,1830,4253
4467,orientation,last,3,40,-55,-163,283,0,1150,5410
4467,orientation,last,4,-241,-116,260,315,0,1270,6687
4467,orientation,last,5,-95,-43,-346,-300,0,1311,8005
4467,orientation,last,6,287,199,174,-307,0,490,9793
4467,orientation,last,7,124,321,209,-166,0,1000,10801
4467,orientation,last,8,-123,133,-282,128,0,1490,12299
4467,orientation,last,9,138,284,124,-343,0,1890,14197
4470,orientation,first,0,44,-336,233,131,0,3541,3549
4470,orientation,first,1,291,-190,310,-249,0,1810,5365
4470,orientation,first,2,174,158,-198,-147,0,1860,7231
4470,orientation,first,3,249,-155,-163,283,0,1450,8687
4470,orientation,first,4,144,171,260,315,0,1240,9933
4470,orientation,first,5,292,-24,-346,-300,0,1360,11299
4470,orientation,first,6,-136,-184,174,-307,0,1110,12415
4470,orientation,first,7,-314,-191,209,-166,0,850,13271
4470,orientation,first,8,76,54,-282,128,0,1340,14616
4470,orientation,first,9,-192,168,124,-343,0,1190,15811
4470,orientation,last,0,-31,-224,233,131,0,860,867
4470,orientation,last,1,-273,-68,310,-249,0,1010,1885
4470,orientation,last,2,178,207,-198,-147,0,1311,3203
4470,orientation,last,3,40,-55,-163,283,0,1090,4300
4470,orientation,last,4,-241,-116,260,315,0,1030,5337
4470,orientation,last,5,-95,-43,-346,-300,0,820,6164
4470,orientation,last,6,287,199,174,-307,0,1504,7675
4470,orientation,last,7,124,321,209,-166,0,1030,8712
4470,orientation,last,8,-123,133,-282,128,0,740,10419
4470,orientation,last,9,138,284,124,-343,0,920,11347
