,proband_id,test_name,phase,trialn,posx,posy,dposx,dposy,rsp,rt,total_time
0,4273,orientation,first,0,44,-336,233,131,0,1740,1748
1,4273,orientation,first,1,291,-190,310,-249,0,1410,3165
2,4273,orientation,first,2,174,158,-198,-147,0,1000,4171
3,4273,orientation,first,3,249,-155,-163,283,0,1150,5327
4,4273,orientation,first,4,144,171,260,315,0,1030,6363
5,4273,orientation,first,5,292,-24,-346,-300,0,1140,7509
6,4273,orientation,first,6,-136,-184,174,-307,0,1720,9235
7,4273,orientation,first,7,-314,-191,209,-166,0,450,10881
8,4273,orientation,first,8,76,54,-282,128,0,1470,12356
9,4273,orientation,first,9,-192,168,124,-343,0,1350,13711
10,4273,orientation,last,0,-31,-224,233,131,0,1621,1632
11,4273,orientation,last,1,-273,-68,310,-249,0,950,2585
12,4273,orientation,last,2,178,207,-198,-147,0,990,3579
13,4273,orientation,last,3,40,-55,-163,283,0,1090,4676
14,4273,orientation,last,4,-241,-116,260,315,0,1070,5753
15,4273,orientation,last,5,-95,-43,-346,-300,0,740,6500
16,4273,orientation,last,6,287,199,174,-307,0,2140,8647
17,4273,orientation,last,7,124,321,209,-166,0,1010,9664
18,4273,orientation,last,8,-123,133,-282,128,0,1340,11012
19,4273,orientation,last,9,138,284,124,-343,0,1440,12459
0,4307,orientation,first,0,347,316,92,-310,0,1030,1038
1,4307,orientation,first,1,-5,172,300,-309,0,840,1884
2,4307,orientation,first,2,138,-67,380,-18,0,840,2730
3,4307,orientation,first,3,-11,-165,-387,-47,0,690,3426
4,4307,orientation,first,4,211,-216,-186,-385,0,630,4062
5,4307,orientation,first,5,205,-348,-189,-153,0,680,4748
6,4307,orientation,first,6,-209,-253,361,125,0,800,5554
7,4307,orientation,first,7,-358,-211,-311,104,0,700,6260
8,4307,orientation,first,8,-43,-37,-231,247,0,930,7196
9,4307,orientation,first,9,122,-264,-71,-192,0,940,8141
10,4307,orientation,last,0,298,-88,92,-310,0,730,737
11,4307,orientation,last,1,-77,36,300,-309,0,840,1585
12,4307,orientation,last,2,98,73,380,-18,0,700,2292
13,4307,orientation,last,3,244,187,-387,-47,0,810,3109
14,4307,orientation,last,4,33,169,-186,-385,0,730,3846
15,4307,orientation,last,5,146,341,-189,-153,0,750,4603
16,4307,orientation,last,6,-136,336,361,125,0,700,5310
17,4307,orientation,last,7,-147,201,-311,104,0,690,6007
18,4307,orientation,last,8,-294,-102,-231,247,0,1060,7074
19,4307,orientation,last,9,-33,-313,-71,-192,0,890,7972
0,4346,orientation,first,0,44,-336,233,131,0,1400,1408
1,4346,orientation,first,1,291,-190,310,-249,0,1000,2415
2,4346,orientation,first,2,174,158,-198,-147,0,1171,3592
3,4346,orientation,first,3,249,-155,-163,283,0,1220,4818
4,4346,orientation,first,4,144,171,260,315,0,1210,6034
5,4346,orientation,first,5,292,-24,-346,-300,0,1240,7280
6,4346,orientation,first,6,-136,-184,174,-307,0,990,8276
7,4346,orientation,first,7,-314,-191,209,-166,0,1060,9342
8,4346,orientation,first,8,76,54,-282,128,0,1170,10518
9,4346,orientation,first,9,-192,168,124,-343,0,1190,11714
10,4346,orientation,last,0,-31,-224,233,131,0,1060,1069
11,4346,orientation,last,1,-273,-68,310,-249,0,1140,2214
12,4346,orientation,last,2,178,207,-198,-147,0,1210,3431
13,4346,orientation,last,3,40,-55,-163,283,0,1160,4598
14,4346,orientation,last,4,-241,-116,260,315,0,1200,5805
15,4346,orientation,last,5,-95,-43,-346,-300,0,1060,6872
16,4346,orientation,last,6,287,199,174,-307,0,1300,8179
17,4346,orientation,last,7,124,321,209,-166,0,941,9127
18,4346,orientation,last,8,-123,133,-282,128,0,1180,10315
19,4346,orientation,last,9,138,284,124,-343,0,1390,11713
0,4365,orientation,first,0,44,-336,233,131,0,840,848
1,4365,orientation,first,1,291,-190,310,-249,0,660,1514
2,4365,orientation,first,2,174,158,-198,-147,0,950,2470
3,4365,orientation,first,3,249,-155,-163,283,0,1090,3566
4,4365,orientation,first,4,144,171,260,315,0,770,4342
5,4365,orientation,first,5,292,-24,-346,-300,0,670,5018
6,4365,orientation,first,6,-136,-184,174,-307,0,740,5763
7,4365,orientation,first,7,-314,-191,209,-166,0,690,6458
8,4365,orientation,first,8,76,54,-282,128,0,990,7453
9,4365,orientation,first,9,-192,168,124,-343,0,770,8228
10,4365,orientation,last,0,-31,-224,233,131,0,1350,1359
11,4365,orientation,last,1,-273,-68,310,-249,0,820,2187
12,4365,orientation,last,2,178,207,-198,-147,0,1340,3534
13,4365,orientation,last,3,40,-55,-163,283,0,1000,4541
14,4365,orientation,last,4,-241,-116,260,315,0,1280,5828
15,4365,orientation,last,5,-95,-43,-346,-300,0,710,6545
16,4365,orientation,last,6,287,199,174,-307,0,850,7402
17,4365,orientation,last,7,124,321,209,-166,0,1040,8450
18,4365,orientation,last,8,-123,133,-282,128,0,861,9319
19,4365,orientation,last,9,138,284,124,-343,0,960,10287
0,4367,orientation,first,0,44,-336,233,131,0,8990,8998
1,4367,orientation,first,1,291,-190,310,-249,0,2110,11115
2,4367,orientation,first,2,174,158,-198,-147,0,2901,14022
3,4367,orientation,first,3,249,-155,-163,283,0,3101,17129
4,4367,orientation,first,4,144,171,260,315,0,3180,20315
5,4367,orientation,first,5,292,-24,-346,-300,0,2900,23221
6,4367,orientation,first,6,-136,-184,174,-307,0,3300,26527
7,4367,orientation,first,7,-314,-191,209,-166,0,1841,30244
8,4367,orientation,first,8,76,54,-282,128,0,3430,33680
9,4367,orientation,first,9,-192,168,124,-343,0,3160,36846
10,4367,orientation,last,0,-31,-224,233,131,0,2970,2976
11,4367,orientation,last,1,-273,-68,310,-249,0,2510,5494
12,4367,orientation,last,2,178,207,-198,-147,0,2700,8202
13,4367,orientation,last,3,40,-55,-163,283,0,1851,10061
14,4367,orientation,last,4,-241,-116,260,315,0,2530,12598
15,4367,orientation,last,5,-95,-43,-346,-300,0,2270,14875
16,4367,orientation,last,6,287,199,174,-307,0,2470,17353
17,4367,orientation,last,7,124,321,209,-166,0,2500,19861
18,4367,orientation,last,8,-123,133,-282,128,0,2490,22359
19,4367,orientation,last,9,138,284,124,-343,0,2120,24487
0,4368,orientation,first,0,44,-336,233,131,0,250,26807
1,4368,orientation,first,1,291,-190,310,-249,0,20,31879
2,4368,orientation,first,2,174,158,-198,-147,0,4160,46333
3,4368,orientation,first,3,249,-155,-163,283,0,1520,47859
4,4368,orientation,first,4,144,171,260,315,0,720,50396
5,4368,orientation,first,5,292,-24,-346,-300,0,980,52432
6,4368,orientation,first,6,-136,-184,174,-307,0,1310,54477
7,4368,orientation,first,7,-314,-191,209,-166,0,680,55672
8,4368,orientation,first,8,76,54,-282,128,0,720,56867
9,4368,orientation,first,9,-192,168,124,-343,0,430,59012
10,4368,orientation,last,0,-31,-224,233,131,0,650,657
11,4368,orientation,last,1,-273,-68,310,-249,0,480,1804
12,4368,orientation,last,2,178,207,-198,-147,0,400,2811
13,4368,orientation,last,3,40,-55,-163,283,0,610,3978
14,4368,orientation,last,4,-241,-116,260,315,0,1060,5475
15,4368,orientation,last,5,-95,-43,-346,-300,0,780,6262
16,4368,orientation,last,6,287,199,174,-307,0,970,7239
17,4368,orientation,last,7,124,321,209,-166,0,720,9147
18,4368,orientation,last,8,-123,133,-282,128,0,600,10164
19,4368,orientation,last,9,138,284,124,-343,0,530,11271
0,4369,orientation,first,0,44,-336,233,131,0,1930,1938
1,4369,orientation,first,1,291,-190,310,-249,0,940,2884
2,4369,orientation,first,2,174,158,-198,-147,0,910,3800
3,4369,orientation,first,3,249,-155,-163,283,0,950,4756
4,4369,orientation,first,4,144,171,260,315,0,700,5462
5,4369,orientation,first,5,292,-24,-346,-300,0,820,6288
6,4369,orientation,first,6,-136,-184,174,-307,0,1130,7424
7,4369,orientation,first,7,-314,-191,209,-166,0,1190,8620
8,4369,orientation,first,8,76,54,-282,128,0,1570,10195
9,4369,orientation,first,9,-192,168,124,-343,0,1100,11300
10,4369,orientation,last,0,-31,-224,233,131,0,840,849
11,4369,orientation,last,1,-273,-68,310,-249,0,830,1687
12,4369,orientation,last,2,178,207,-198,-147,0,1051,2745
13,4369,orientation,last,3,40,-55,-163,283,0,1030,3782
14,4369,orientation,last,4,-241,-116,260,315,0,990,4779
15,4369,orientation,last,5,-95,-43,-346,-300,0,790,5576
16,4369,orientation,last,6,287,199,174,-307,0,1170,6753
17,4369,orientation,last,7,124,321,209,-166,0,1060,7820
18,4369,orientation,last,8,-123,133,-282,128,0,960,8787
19,4369,orientation,last,9,138,284,124,-343,0,1220,10015
0,4370,orientation,first,0,44,-336,233,131,0,2060,2066
1,4370,orientation,first,1,291,-190,310,-249,0,1530,3602
2,4370,orientation,first,2,174,158,-198,-147,0,1330,4938
3,4370,orientation,first,3,249,-155,-163,283,0,730,7035
4,4370,orientation,first,4,144,171,260,315,0,1020,8061
5,4370,orientation,first,5,292,-24,-346,-300,0,870,8937
6,4370,orientation,first,6,-136,-184,174,-307,0,1500,10443
7,4370,orientation,first,7,-314,-191,209,-166,0,1250,11699
8,4370,orientation,first,8,76,54,-282,128,0,480,13675
9,4370,orientation,first,9,-192,168,124,-343,0,1240,14920
10,4370,orientation,last,0,-31,-224,233,131,0,1300,1307
11,4370,orientation,last,1,-273,-68,310,-249,1,2010,3325
12,4370,orientation,last,1,-273,-68,310,-249,0,1270,4595
13,4370,orientation,last,2,178,207,-198,-147,0,1260,5862
14,4370,orientation,last,3,40,-55,-163,283,0,880,6750
15,4370,orientation,last,4,-241,-116,260,315,0,980,7737
16,4370,orientation,last,5,-95,-43,-346,-300,0,1011,8755
17,4370,orientation,last,6,287,199,174,-307,0,1280,10042
18,4370,orientation,last,7,124,321,209,-166,0,1170,11219
19,4370,orientation,last,8,-123,133,-282,128,0,1180,12406
20,4370,orientation,last,9,138,284,124,-343,0,1350,13764
0,4371,orientation,first,0,44,-336,233,131,0,2150,2158
1,4371,orientation,first,1,291,-190,310,-249,0,1240,3404
2,4371,orientation,first,2,174,158,-198,-147,0,1140,4550
3,4371,orientation,first,3,249,-155,-163,283,0,1170,5726
4,4371,orientation,first,4,144,171,260,315,0,1380,7112
5,4371,orientation,first,5,292,-24,-346,-300,0,1350,8468
6,4371,orientation,first,6,-136,-184,174,-307,0,1330,9804
7,4371,orientation,first,7,-314,-191,209,-166,0,810,11230
8,4371,orientation,first,8,76,54,-282,128,0,1160,12395
9,4371,orientation,first,9,-192,168,124,-343,0,1441,13841
10,4371,orientation,last,0,-31,-224,233,131,0,960,966
11,4371,orientation,last,1,-273,-68,310,-249,0,960,1933
12,4371,orientation,last,2,178,207,-198,-147,0,1370,3310
13,4371,orientation,last,3,40,-55,-163,283,0,960,4277
14,4371,orientation,last,4,-241,-116,260,315,0,930,5214
15,4371,orientation,last,5,-95,-43,-346,-300,0,1420,6641
16,4371,orientation,last,6,287,199,174,-307,0,1190,7838
17,4371,orientation,last,7,124,321,209,-166,0,1100,8945
18,4371,orientation,last,8,-123,133,-282,128,0,1440,10392
19,4371,orientation,last,9,138,284,124,-343,0,1310,11710
0,4372,orientation,first,0,44,-336,233,131,0,1100,1108
1,4372,orientation,first,1,291,-190,310,-249,0,980,2095
2,4372,orientation,first,2,174,158,-198,-147,0,790,2891
3,4372,orientation,first,3,249,-155,-163,283,0,670,3567
4,4372,orientation,first,4,144,171,260,315,0,830,4403
5,4372,orientation,first,5,292,-24,-346,-300,0,960,5369
6,4372,orientation,first,6,-136,-184,174,-307,0,1581,6956
7,4372,orientation,first,7,-314,-191,209,-166,0,860,7822
8,4372,orientation,first,8,76,54,-282,128,0,1090,8918
9,4372,orientation,first,9,-192,168,124,-343,0,1060,9984
10,4372,orientation,last,0,-31,-224,233,131,0,460,1207
11,4372,orientation,last,1,-273,-68,310,-249,0,960,2175
12,4372,orientation,last,2,178,207,-198,-147,0,1030,3213
13,4372,orientation,last,3,40,-55,-163,283,0,1150,4371
14,4372,orientation,last,4,-241,-116,260,315,0,1260,5638
15,4372,orientation,last,5,-95,-43,-346,-300,0,970,6611
16,4372,orientation,last,6,287,199,174,-307,0,1170,7789
17,4372,orientation,last,7,124,321,209,-166,0,780,8577
18,4372,orientation,last,8,-123,133,-282,128,0,1000,9585
19,4372,orientation,last,9,138,284,124,-343,0,1290,10883
0,4373,orientation,first,0,44,-336,233,131,0,2240,2248
1,4373,orientation,first,1,291,-190,310,-249,0,1750,4004
2,4373,orientation,first,2,174,158,-198,-147,0,2431,6441
3,4373,orientation,first,3,249,-155,-163,283,0,1490,7937
4,4373,orientation,first,4,144,171,260,315,0,1470,9413
5,4373,orientation,first,5,292,-24,-346,-300,0,930,10349
6,4373,orientation,first,6,-136,-184,174,-307,0,1610,11965
7,4373,orientation,first,7,-314,-191,209,-166,0,1660,13630
8,4373,orientation,first,8,76,54,-282,128,0,1390,15025
9,4373,orientation,first,9,-192,168,124,-343,0,1910,16940
10,4373,orientation,last,0,-31,-224,233,131,0,1620,1629
11,4373,orientation,last,1,-273,-68,310,-249,0,950,2587
12,4373,orientation,last,2,178,207,-198,-147,0,1400,3995
13,4373,orientation,last,3,40,-55,-163,283,0,981,4983
14,4373,orientation,last,4,-241,-116,260,315,0,1250,6240
15,4373,orientation,last,5,-95,-43,-346,-300,0,1210,7457
16,4373,orientation,last,6,287,199,174,-307,0,1020,8484
17,4373,orientation,last,7,124,321,209,-166,0,1240,9732
18,4373,orientation,last,8,-123,133,-282,128,0,1410,11150
19,4373,orientation,last,9,138,284,124,-343,0,1170,12328
0,4374,orientation,first,0,44,-336,233,131,0,1340,1348
1,4374,orientation,first,1,291,-190,310,-249,0,1170,2524
2,4374,orientation,first,2,174,158,-198,-147,0,1100,3630
3,4374,orientation,first,3,249,-155,-163,283,0,1101,4737
4,4374,orientation,first,4,144,171,260,315,0,1200,5943
5,4374,orientation,first,5,292,-24,-346,-300,0,1580,8809
6,4374,orientation,first,6,-136,-184,174,-307,0,1390,10204
7,4374,orientation,first,7,-314,-191,209,-166,0,1370,11579
8,4374,orientation,first,8,76,54,-282,128,0,1460,13044
9,4374,orientation,first,9,-192,168,124,-343,0,1210,14259
10,4374,orientation,last,0,-31,-224,233,131,0,1370,1379
11,4374,orientation,last,1,-273,-68,310,-249,0,1380,2767
12,4374,orientation,last,2,178,207,-198,-147,0,1530,4304
13,4374,orientation,last,3,40,-55,-163,283,0,1510,5821
14,4374,orientation,last,4,-241,-116,260,315,0,1461,7289
15,4374,orientation,last,5,-95,-43,-346,-300,0,1150,8447
16,4374,orientation,last,6,287,199,174,-307,0,1240,9694
17,4374,orientation,last,7,124,321,209,-166,0,1270,10972
18,4374,orientation,last,8,-123,133,-282,128,0,1150,12129
19,4374,orientation,last,9,138,284,124,-343,0,1390,13527
0,4375,orientation,first,0,44,-336,233,131,0,770,778
1,4375,orientation,first,1,291,-190,310,-249,0,980,1765
2,4375,orientation,first,2,174,158,-198,-147,0,750,3081
3,4375,orientation,first,3,249,-155,-163,283,0,770,3857
4,4375,orientation,first,4,144,171,260,315,0,920,4783
5,4375,orientation,first,5,292,-24,-346,-300,0,740,5529
6,4375,orientation,first,6,-136,-184,174,-307,0,910,6445
7,4375,orientation,first,7,-314,-191,209,-166,0,740,7191
8,4375,orientation,first,8,76,54,-282,128,0,630,8737
9,4375,orientation,first,9,-192,168,124,-343,0,890,9633
10,4375,orientation,last,0,-31,-224,233,131,0,750,760
11,4375,orientation,last,1,-273,-68,310,-249,0,730,1498
12,4375,orientation,last,2,178,207,-198,-147,0,940,2446
13,4375,orientation,last,3,40,-55,-163,283,0,841,3295
14,4375,orientation,last,4,-241,-116,260,315,0,750,4052
15,4375,orientation,last,5,-95,-43,-346,-300,0,811,4870
16,4375,orientation,last,6,287,199,174,-307,0,1030,5908
17,4375,orientation,last,7,124,321,209,-166,0,770,6686
18,4375,orientation,last,8,-123,133,-282,128,0,770,7464
19,4375,orientation,last,9,138,284,124,-343,0,1030,8502
0,4376,orientation,first,0,44,-336,233,131,0,1540,1548
1,4376,orientation,first,1,291,-190,310,-249,0,1170,2725
2,4376,orientation,first,2,174,158,-198,-147,0,3540,6271
3,4376,orientation,first,3,249,-155,-163,283,0,1280,7557
4,4376,orientation,first,4,144,171,260,315,0,1080,8640
5,4376,orientation,first,5,292,-24,-346,-300,0,1120,9766
6,4376,orientation,first,6,-136,-184,174,-307,0,1471,11243
7,4376,orientation,first,7,-314,-191,209,-166,0,910,12158
8,4376,orientation,first,8,76,54,-282,128,0,920,14283
9,4376,orientation,first,9,-192,168,124,-343,0,870,15158
10,4376,orientation,last,0,-31,-224,233,131,0,1250,1258
11,4376,orientation,last,1,-273,-68,310,-249,0,1050,2316
12,4376,orientation,last,2,178,207,-198,-147,0,1250,3573
13,4376,orientation,last,3,40,-55,-163,283,0,890,4470
14,4376,orientation,last,4,-241,-116,260,315,0,980,5457
15,4376,orientation,last,5,-95,-43,-346,-300,0,1030,6494
16,4376,orientation,last,6,287,199,174,-307,0,1250,7751
17,4376,orientation,last,7,124,321,209,-166,0,1040,8798
18,4376,orientation,last,8,-123,133,-282,128,0,1040,9846
19,4376,orientation,last,9,138,284,124,-343,0,1000,10854
0,4377,orientation,first,0,44,-336,233,131,0,970,978
1,4377,orientation,first,1,291,-190,310,-249,0,720,1704
2,4377,orientation,first,2,174,158,-198,-147,0,460,2960
3,4377,orientation,first,3,249,-155,-163,283,0,850,3816
4,4377,orientation,first,4,144,171,260,315,0,780,4602
5,4377,orientation,first,5,292,-24,-346,-300,0,650,5258
6,4377,orientation,first,6,-136,-184,174,-307,0,880,6144
7,4377,orientation,first,7,-314,-191,209,-166,0,700,6849
8,4377,orientation,first,8,76,54,-282,128,0,911,7765
9,4377,orientation,first,9,-192,168,124,-343,0,800,8570
10,4377,orientation,last,0,-31,-224,233,131,0,720,729
11,4377,orientation,last,1,-273,-68,310,-249,0,790,1527
12,4377,orientation,last,2,178,207,-198,-147,0,840,2374
13,4377,orientation,last,3,40,-55,-163,283,0,890,3271
14,4377,orientation,last,4,-241,-116,260,315,0,760,4038
15,4377,orientation,last,5,-95,-43,-346,-300,0,810,4855
16,4377,orientation,last,6,287,199,174,-307,0,960,5822
17,4377,orientation,last,7,124,321,209,-166,0,780,6609
18,4377,orientation,last,8,-123,133,-282,128,0,420,7807
19,4377,orientation,last,9,138,284,124,-343,0,850,8665
0,4378,orientation,first,0,44,-336,233,131,0,1420,1428
1,4378,orientation,first,1,291,-190,310,-249,0,980,2414
2,4378,orientation,first,2,174,158,-198,-147,0,840,3260
3,4378,orientation,first,3,249,-155,-163,283,0,820,4086
4,4378,orientation,first,4,144,171,260,315,0,870,4962
5,4378,orientation,first,5,292,-24,-346,-300,0,450,6219
6,4378,orientation,first,6,-136,-184,174,-307,0,890,7114
7,4378,orientation,first,7,-314,-191,209,-166,0,480,8380
8,4378,orientation,first,8,76,54,-282,128,0,1180,9566
9,4378,orientation,first,9,-192,168,124,-343,0,1050,10621
10,4378,orientation,last,0,-31,-224,233,131,0,740,750
11,4378,orientation,last,1,-273,-68,310,-249,0,800,1558
12,4378,orientation,last,2,178,207,-198,-147,0,990,2556
13,4378,orientation,last,3,40,-55,-163,283,0,820,3383
14,4378,orientation,last,4,-241,-116,260,315,0,680,4070
15,4378,orientation,last,5,-95,-43,-346,-300,0,800,4877
16,4378,orientation,last,6,287,199,174,-307,0,1230,6114
17,4378,orientation,last,7,124,321,209,-166,0,700,6822
18,4378,orientation,last,8,-123,133,-282,128,0,610,8419
19,4378,orientation,last,9,138,284,124,-343,0,1230,9657
0,4379,orientation,first,0,44,-336,233,131,0,1210,1218
1,4379,orientation,first,1,291,-190,310,-249,0,770,1995
2,4379,orientation,first,2,174,158,-198,-147,0,820,2821
3,4379,orientation,first,3,249,-155,-163,283,0,830,3657
4,4379,orientation,first,4,144,171,260,315,0,750,4413
5,4379,orientation,first,5,292,-24,-346,-300,0,680,5099
6,4379,orientation,first,6,-136,-184,174,-307,0,760,5865
7,4379,orientation,first,7,-314,-191,209,-166,0,660,6531
8,4379,orientation,first,8,76,54,-282,128,0,890,7427
9,4379,orientation,first,9,-192,168,124,-343,0,760,8193
10,4379,orientation,last,0,-31,-224,233,131,0,740,749
11,4379,orientation,last,1,-273,-68,310,-249,0,740,1497
12,4379,orientation,last,2,178,207,-198,-147,0,680,2185
13,4379,orientation,last,3,40,-55,-163,283,0,750,2943
14,4379,orientation,last,4,-241,-116,260,315,0,760,3710
15,4379,orientation,last,5,-95,-43,-346,-300,0,680,4397
16,4379,orientation,last,6,287,199,174,-307,0,800,5205
17,4379,orientation,last,7,124,321,209,-166,0,831,6044
18,4379,orientation,last,8,-123,133,-282,128,0,390,7762
19,4379,orientation,last,9,138,284,124,-343,0,320,8860
0,4380,orientation,first,0,44,-336,233,131,0,1970,1978
1,4380,orientation,first,1,291,-190,310,-249,0,1400,3384
2,4380,orientation,first,2,174,158,-198,-147,0,1260,4650
3,4380,orientation,first,3,249,-155,-163,283,0,1290,5946
4,4380,orientation,first,4,144,171,260,315,0,1490,7441
5,4380,orientation,first,5,292,-24,-346,-300,0,1310,8757
6,4380,orientation,first,6,-136,-184,174,-307,0,1490,10253
7,4380,orientation,first,7,-314,-191,209,-166,0,1730,11989
8,4380,orientation,first,8,76,54,-282,128,0,1930,13925
9,4380,orientation,first,9,-192,168,124,-343,0,1330,15260
10,4380,orientation,last,0,-31,-224,233,131,0,1611,1620
11,4380,orientation,last,1,-273,-68,310,-249,0,1180,2807
12,4380,orientation,last,2,178,207,-198,-147,0,1590,4404
13,4380,orientation,last,3,40,-55,-163,283,0,1370,5781
14,4380,orientation,last,4,-241,-116,260,315,0,1690,7478
15,4380,orientation,last,5,-95,-43,-346,-300,0,1150,8635
16,4380,orientation,last,6,287,199,174,-307,0,1290,9932
17,4380,orientation,last,7,124,321,209,-166,0,1131,11070
18,4380,orientation,last,8,-123,133,-282,128,0,1420,12497
19,4380,orientation,last,9,138,284,124,-343,0,1630,14135
0,4381,orientation,first,0,44,-336,233,131,0,990,998
1,4381,orientation,first,1,291,-190,310,-249,0,620,1625
2,4381,orientation,first,2,174,158,-198,-147,0,630,3011
3,4381,orientation,first,3,249,-155,-163,283,0,670,3685
4,4381,orientation,first,4,144,171,260,315,0,711,4400
5,4381,orientation,first,5,292,-24,-346,-300,0,670,5076
6,4381,orientation,first,6,-136,-184,174,-307,0,900,5982
7,4381,orientation,first,7,-314,-191,209,-166,0,810,6798
8,4381,orientation,first,8,76,54,-282,128,0,730,7534
9,4381,orientation,first,9,-192,168,124,-343,0,770,8307
10,4381,orientation,last,0,-31,-224,233,131,0,620,627
11,4381,orientation,last,1,-273,-68,310,-249,0,640,1275
12,4381,orientation,last,2,178,207,-198,-147,0,680,1963
13,4381,orientation,last,3,40,-55,-163,283,0,620,2590
14,4381,orientation,last,4,-241,-116,260,315,0,580,3177
15,4381,orientation,last,5,-95,-43,-346,-300,0,410,4114
16,4381,orientation,last,6,287,199,174,-307,0,890,5012
17,4381,orientation,last,7,124,321,209,-166,0,750,5770
18,4381,orientation,last,8,-123,133,-282,128,0,720,6498
19,4381,orientation,last,9,138,284,124,-343,0,740,7246
0,4382,orientation,first,0,44,-336,233,131,0,2160,2168
1,4382,orientation,first,1,291,-190,310,-249,0,1110,3284
2,4382,orientation,first,2,174,158,-198,-147,0,810,4100
3,4382,orientation,first,3,249,-155,-163,283,0,890,4996
4,4382,orientation,first,4,144,171,260,315,0,820,5822
5,4382,orientation,first,5,292,-24,-346,-300,0,880,6708
6,4382,orientation,first,6,-136,-184,174,-307,0,860,7574
7,4382,orientation,first,7,-314,-191,209,-166,0,740,8320
8,4382,orientation,first,8,76,54,-282,128,0,870,9196
9,4382,orientation,first,9,-192,168,124,-343,0,850,10051
10,4382,orientation,last,0,-31,-224,233,131,0,730,739
11,4382,orientation,last,1,-273,-68,310,-249,0,700,1447
12,4382,orientation,last,2,178,207,-198,-147,0,790,2244
13,4382,orientation,last,3,40,-55,-163,283,0,890,3141
14,4382,orientation,last,4,-241,-116,260,315,0,810,3958
15,4382,orientation,last,5,-95,-43,-346,-300,0,830,4795
16,4382,orientation,last,6,287,199,174,-307,0,730,5532
17,4382,orientation,last,7,124,321,209,-166,0,800,6339
18,4382,orientation,last,8,-123,133,-282,128,0,861,7208
19,4382,orientation,last,9,138,284,124,-343,0,800,8016
0,4383,orientation,first,0,44,-336,233,131,0,740,748
1,4383,orientation,first,1,291,-190,310,-249,0,610,1364
2,4383,orientation,first,2,174,158,-198,-147,0,820,2190
3,4383,orientation,first,3,249,-155,-163,283,0,820,3016
4,4383,orientation,first,4,144,171,260,315,0,760,3782
5,4383,orientation,first,5,292,-24,-346,-300,0,720,4508
6,4383,orientation,first,6,-136,-184,174,-307,0,660,5173
7,4383,orientation,first,7,-314,-191,209,-166,0,530,5708
8,4383,orientation,first,8,76,54,-282,128,0,340,6813
9,4383,orientation,first,9,-192,168,124,-343,0,830,7648
10,4383,orientation,last,0,-31,-224,233,131,0,790,800
11,4383,orientation,last,1,-273,-68,310,-249,0,800,1607
12,4383,orientation,last,2,178,207,-198,-147,0,710,2324
13,4383,orientation,last,3,40,-55,-163,283,0,730,3061
14,4383,orientation,last,4,-241,-116,260,315,0,740,3808
15,4383,orientation,last,5,-95,-43,-346,-300,0,441,5066
16,4383,orientation,last,6,287,199,174,-307,0,330,6213
17,4383,orientation,last,7,124,321,209,-166,0,650,6870
18,4383,orientation,last,8,-123,133,-282,128,0,890,7768
19,4383,orientation,last,9,138,284,124,-343,0,840,8616
0,4384,orientation,first,0,44,-336,233,131,0,2270,2278
1,4384,orientation,first,1,291,-190,310,-249,0,2030,4314
2,4384,orientation,first,2,174,158,-198,-147,0,1650,5970
3,4384,orientation,first,3,249,-155,-163,283,0,1070,7046
4,4384,orientation,first,4,144,171,260,315,0,1460,8512
5,4384,orientation,first,5,292,-24,-346,-300,0,1250,9768
6,4384,orientation,first,6,-136,-184,174,-307,0,3480,13254
7,4384,orientation,first,7,-314,-191,209,-166,0,580,15059
8,4384,orientation,first,8,76,54,-282,128,0,2211,17275
9,4384,orientation,first,9,-192,168,124,-343,0,1290,19840
10,4384,orientation,last,0,-31,-224,233,131,0,2060,2069
11,4384,orientation,last,1,-273,-68,310,-249,0,1120,3197
12,4384,orientation,last,2,178,207,-198,-147,0,1470,4674
13,4384,orientation,last,3,40,-55,-163,283,0,1620,6301
14,4384,orientation,last,4,-241,-116,260,315,0,1250,7558
15,4384,orientation,last,5,-95,-43,-346,-300,0,900,8465
16,4384,orientation,last,6,287,199,174,-307,0,1630,10102
17,4384,orientation,last,7,124,321,209,-166,0,1370,11479
18,4384,orientation,last,8,-123,133,-282,128,0,1480,12966
19,4384,orientation,last,9,138,284,124,-343,0,1541,14515
0,4385,orientation,first,0,44,-336,233,131,0,2940,2948
1,4385,orientation,first,1,291,-190,310,-249,0,2711,8215
2,4385,orientation,first,2,174,158,-198,-147,0,1770,9991
3,4385,orientation,first,3,249,-155,-163,283,0,7220,17217
4,4385,orientation,first,4,144,171,260,315,0,1150,18373
5,4385,orientation,first,5,292,-24,-346,-300,0,1780,20158
6,4385,orientation,first,6,-136,-184,174,-307,0,1530,21693
7,4385,orientation,first,7,-314,-191,209,-166,0,1100,22798
8,4385,orientation,first,8,76,54,-282,128,0,1591,24394
9,4385,orientation,first,9,-192,168,124,-343,0,1200,25599
10,4385,orientation,last,0,-31,-224,233,131,0,1190,1197
11,4385,orientation,last,1,-273,-68,310,-249,0,940,2144
12,4385,orientation,last,2,178,207,-198,-147,0,1050,3201
13,4385,orientation,last,3,40,-55,-163,283,0,1300,4508
14,4385,orientation,last,4,-241,-116,260,315,0,1610,6125
15,4385,orientation,last,5,-95,-43,-346,-300,0,1130,7259
16,4385,orientation,last,6,287,199,174,-307,0,1390,8656
17,4385,orientation,last,7,124,321,209,-166,0,1130,9793
18,4385,orientation,last,8,-123,133,-282,128,0,1390,11190
19,4385,orientation,last,9,138,284,124,-343,0,1150,12348
0,4386,orientation,first,0,44,-336,233,131,0,1400,1408
1,4386,orientation,first,1,291,-190,310,-249,0,1150,2564
2,4386,orientation,first,2,174,158,-198,-147,0,1040,3610
3,4386,orientation,first,3,249,-155,-163,283,0,1210,4826
4,4386,orientation,first,4,144,171,260,315,0,1051,5883
5,4386,orientation,first,5,292,-24,-346,-300,0,1100,6989
6,4386,orientation,first,6,-136,-184,174,-307,0,1810,10135
7,4386,orientation,first,7,-314,-191,209,-166,0,1010,11150
8,4386,orientation,first,8,76,54,-282,128,0,480,12745
9,4386,orientation,first,9,-192,168,124,-343,0,1080,13830
10,4386,orientation,last,0,-31,-224,233,131,0,990,999
11,4386,orientation,last,1,-273,-68,310,-249,0,970,1977
12,4386,orientation,last,2,178,207,-198,-147,0,1150,3134
13,4386,orientation,last,3,40,-55,-163,283,0,970,4111
14,4386,orientation,last,4,-241,-116,260,315,0,950,5064
15,4386,orientation,last,5,-95,-43,-346,-300,0,740,5811
16,4386,orientation,last,6,287,199,174,-307,0,820,6638
17,4386,orientation,last,7,124,321,209,-166,0,490,7916
18,4386,orientation,last,8,-123,133,-282,128,0,361,9194
19,4386,orientation,last,9,138,284,124,-343,0,1210,10412
0,4387,orientation,first,0,44,-336,233,131,0,2850,2858
1,4387,orientation,first,1,291,-190,310,-249,0,870,3734
2,4387,orientation,first,2,174,158,-198,-147,0,1381,5121
3,4387,orientation,first,3,249,-155,-163,283,0,1040,6167
4,4387,orientation,first,4,144,171,260,315,0,550,7463
5,4387,orientation,first,5,292,-24,-346,-300,0,980,8449
6,4387,orientation,first,6,-136,-184,174,-307,0,900,9354
7,4387,orientation,first,7,-314,-191,209,-166,0,1250,10609
8,4387,orientation,first,8,76,54,-282,128,0,1250,11864
9,4387,orientation,first,9,-192,168,124,-343,0,1340,13209
10,4387,orientation,last,0,-31,-224,233,131,0,930,939
11,4387,orientation,last,1,-273,-68,310,-249,0,880,1827
12,4387,orientation,last,2,178,207,-198,-147,0,1190,3024
13,4387,orientation,last,3,40,-55,-163,283,0,1100,4131
14,4387,orientation,last,4,-241,-116,260,315,0,520,5568
15,4387,orientation,last,5,-95,-43,-346,-300,0,740,6315
16,4387,orientation,last,6,287,199,174,-307,0,1310,7632
17,4387,orientation,last,7,124,321,209,-166,0,1001,8640
18,4387,orientation,last,8,-123,133,-282,128,0,1320,9968
19,4387,orientation,last,9,138,284,124,-343,0,1270,11246
0,4388,orientation,first,0,44,-336,233,131,0,1021,1029
1,4388,orientation,first,1,291,-190,310,-249,0,1480,2515
2,4388,orientation,first,2,174,158,-198,-147,0,1200,3721
3,4388,orientation,first,3,249,-155,-163,283,0,1570,5297
4,4388,orientation,first,4,144,171,260,315,0,1180,6483
5,4388,orientation,first,5,292,-24,-346,-300,0,1030,7519
6,4388,orientation,first,6,-136,-184,174,-307,0,1560,9085
7,4388,orientation,first,7,-314,-191,209,-166,0,970,10061
8,4388,orientation,first,8,76,54,-282,128,0,1410,11477
9,4388,orientation,first,9,-192,168,124,-343,0,1580,13062
10,4388,orientation,last,0,-31,-224,233,131,0,1080,1091
11,4388,orientation,last,1,-273,-68,310,-249,0,920,2019
12,4388,orientation,last,2,178,207,-198,-147,0,850,2876
13,4388,orientation,last,3,40,-55,-163,283,0,910,3793
14,4388,orientation,last,4,-241,-116,260,315,0,871,4671
15,4388,orientation,last,5,-95,-43,-346,-300,0,1050,5728
16,4388,orientation,last,6,287,199,174,-307,0,1300,7035
17,4388,orientation,last,7,124,321,209,-166,0,560,8582
18,4388,orientation,last,8,-123,133,-282,128,0,470,10200
19,4388,orientation,last,9,138,284,124,-343,0,1220,11428
0,4389,orientation,first,0,44,-336,233,131,0,1510,1518
1,4389,orientation,first,1,291,-190,310,-249,0,780,2305
2,4389,orientation,first,2,174,158,-198,-147,0,1050,3361
3,4389,orientation,first,3,249,-155,-163,283,0,1090,4457
4,4389,orientation,first,4,144,171,260,315,0,990,5453
5,4389,orientation,first,5,292,-24,-346,-300,0,800,6259
6,4389,orientation,first,6,-136,-184,174,-307,0,850,7115
7,4389,orientation,first,7,-314,-191,209,-166,0,850,7971
8,4389,orientation,first,8,76,54,-282,128,0,940,8917
9,4389,orientation,first,9,-192,168,124,-343,0,910,9833
10,4389,orientation,last,0,-31,-224,233,131,0,950,1949
11,4389,orientation,last,1,-273,-68,310,-249,0,790,2747
12,4389,orientation,last,2,178,207,-198,-147,0,860,3615
13,4389,orientation,last,3,40,-55,-163,283,0,720,4343
14,4389,orientation,last,4,-241,-116,260,315,0,960,5311
15,4389,orientation,last,5,-95,-43,-346,-300,0,650,5968
16,4389,orientation,last,6,287,199,174,-307,0,1111,7087
17,4389,orientation,last,7,124,321,209,-166,0,700,7795
18,4389,orientation,last,8,-123,133,-282,128,0,900,8703
19,4389,orientation,last,9,138,284,124,-343,0,1150,9861
0,4390,orientation,first,0,44,-336,233,131,0,1020,1028
1,4390,orientation,first,1,291,-190,310,-249,0,810,1844
2,4390,orientation,first,2,174,158,-198,-147,0,1220,3070
3,4390,orientation,first,3,249,-155,-163,283,0,1110,4186
4,4390,orientation,first,4,144,171,260,315,0,1090,5279
5,4390,orientation,first,5,292,-24,-346,-300,0,990,6275
6,4390,orientation,first,6,-136,-184,174,-307,0,1060,7341
7,4390,orientation,first,7,-314,-191,209,-166,0,1010,8357
8,4390,orientation,first,8,76,54,-282,128,0,1110,9473
9,4390,orientation,first,9,-192,168,124,-343,0,1130,10609
10,4390,orientation,last,0,-31,-224,233,131,0,830,837
11,4390,orientation,last,1,-273,-68,310,-249,0,870,1715
12,4390,orientation,last,2,178,207,-198,-147,0,940,2662
13,4390,orientation,last,3,40,-55,-163,283,0,780,3449
14,4390,orientation,last,4,-241,-116,260,315,0,930,4386
15,4390,orientation,last,5,-95,-43,-346,-300,0,700,5093
16,4390,orientation,last,6,287,199,174,-307,0,1341,6441
17,4390,orientation,last,7,124,321,209,-166,0,890,7338
18,4390,orientation,last,8,-123,133,-282,128,0,1190,8536
19,4390,orientation,last,9,138,284,124,-343,0,1410,9954
0,4391,orientation,first,0,44,-336,233,131,0,1040,1047
1,4391,orientation,first,1,291,-190,310,-249,0,320,2024
2,4391,orientation,first,2,174,158,-198,-147,0,1030,3058
3,4391,orientation,first,3,249,-155,-163,283,0,641,3702
4,4391,orientation,first,4,144,171,260,315,0,760,4466
5,4391,orientation,first,5,292,-24,-346,-300,0,780,5248
6,4391,orientation,first,6,-136,-184,174,-307,0,720,5972
7,4391,orientation,first,7,-314,-191,209,-166,0,580,6558
8,4391,orientation,first,8,76,54,-282,128,0,960,7520
9,4391,orientation,first,9,-192,168,124,-343,0,640,8163
10,4391,orientation,last,0,-31,-224,233,131,0,690,696
11,4391,orientation,last,1,-273,-68,310,-249,0,370,1733
12,4391,orientation,last,2,178,207,-198,-147,0,790,2528
13,4391,orientation,last,3,40,-55,-163,283,0,760,3295
14,4391,orientation,last,4,-241,-116,260,315,0,750,4052
15,4391,orientation,last,5,-95,-43,-346,-300,0,590,4646
16,4391,orientation,last,6,287,199,174,-307,0,400,5709
17,4391,orientation,last,7,124,321,209,-166,0,790,6502
18,4391,orientation,last,8,-123,133,-282,128,0,820,7325
19,4391,orientation,last,9,138,284,124,-343,0,1000,8328
0,4392,orientation,first,0,44,-336,233,131,0,1100,1108
1,4392,orientation,first,1,291,-190,310,-249,0,900,2015
2,4392,orientation,first,2,174,158,-198,-147,0,940,2961
3,4392,orientation,first,3,249,-155,-163,283,0,950,3917
4,4392,orientation,first,4,144,171,260,315,0,860,4783
5,4392,orientation,first,5,292,-24,-346,-300,0,870,5659
6,4392,orientation,first,6,-136,-184,174,-307,0,850,6515
7,4392,orientation,first,7,-314,-191,209,-166,0,860,7381
8,4392,orientation,first,8,76,54,-282,128,0,660,9267
9,4392,orientation,first,9,-192,168,124,-343,0,540,10733
10,4392,orientation,last,0,-31,-224,233,131,0,910,919
11,4392,orientation,last,1,-273,-68,310,-249,0,830,1757
12,4392,orientation,last,2,178,207,-198,-147,0,1181,2945
13,4392,orientation,last,3,40,-55,-163,283,0,1060,4012
14,4392,orientation,last,4,-241,-116,260,315,0,980,4999
15,4392,orientation,last,5,-95,-43,-346,-300,0,1170,6176
16,4392,orientation,last,6,287,199,174,-307,0,1070,7253
17,4392,orientation,last,7,124,321,209,-166,0,890,8151
18,4392,orientation,last,8,-123,133,-282,128,0,990,9149
19,4392,orientation,last,9,138,284,124,-343,0,1050,10207
0,4393,orientation,first,0,44,-336,233,131,0,1161,1169
1,4393,orientation,first,1,291,-190,310,-249,0,600,1775
2,4393,orientation,first,2,174,158,-198,-147,0,920,2701
3,4393,orientation,first,3,249,-155,-163,283,0,730,3437
4,4393,orientation,first,4,144,171,260,315,0,320,4503
5,4393,orientation,first,5,292,-24,-346,-300,0,770,5279
6,4393,orientation,first,6,-136,-184,174,-307,0,750,6035
7,4393,orientation,first,7,-314,-191,209,-166,0,810,6850
8,4393,orientation,first,8,76,54,-282,128,0,870,7726
9,4393,orientation,first,9,-192,168,124,-343,0,1460,9191
10,4393,orientation,last,0,-31,-224,233,131,0,930,939
11,4393,orientation,last,1,-273,-68,310,-249,0,730,1677
12,4393,orientation,last,2,178,207,-198,-147,0,1000,2685
13,4393,orientation,last,3,40,-55,-163,283,0,760,3452
14,4393,orientation,last,4,-241,-116,260,315,0,820,4279
15,4393,orientation,last,5,-95,-43,-346,-300,0,910,5196
16,4393,orientation,last,6,287,199,174,-307,0,620,7363
17,4393,orientation,last,7,124,321,209,-166,0,810,8180
18,4393,orientation,last,8,-123,133,-282,128,0,841,9029
19,4393,orientation,last,9,138,284,124,-343,0,680,9717
0,4394,orientation,first,0,44,-336,233,131,0,710,718
1,4394,orientation,first,1,291,-190,310,-249,0,740,1464
2,4394,orientation,first,2,174,158,-198,-147,0,760,2230
3,4394,orientation,first,3,249,-155,-163,283,0,570,2806
4,4394,orientation,first,4,144,171,260,315,0,730,3542
5,4394,orientation,first,5,292,-24,-346,-300,0,710,4258
6,4394,orientation,first,6,-136,-184,174,-307,0,700,4964
7,4394,orientation,first,7,-314,-191,209,-166,0,720,6449
8,4394,orientation,first,8,76,54,-282,128,0,870,7325
9,4394,orientation,first,9,-192,168,124,-343,0,1030,8360
10,4394,orientation,last,0,-31,-224,233,131,0,920,929
11,4394,orientation,last,1,-273,-68,310,-249,0,1010,1947
12,4394,orientation,last,2,178,207,-198,-147,0,830,2784
13,4394,orientation,last,3,40,-55,-163,283,0,790,3581
14,4394,orientation,last,4,-241,-116,260,315,0,660,4249
15,4394,orientation,last,5,-95,-43,-346,-300,0,640,4896
16,4394,orientation,last,6,287,199,174,-307,0,1161,6064
17,4394,orientation,last,7,124,321,209,-166,0,790,6862
18,4394,orientation,last,8,-123,133,-282,128,0,701,7571
19,4394,orientation,last,9,138,284,124,-343,0,850,8429
0,4395,orientation,first,0,44,-336,233,131,0,1130,1138
1,4395,orientation,first,1,291,-190,310,-249,0,880,2024
2,4395,orientation,first,2,174,158,-198,-147,0,971,3001
3,4395,orientation,first,3,249,-155,-163,283,0,450,4327
4,4395,orientation,first,4,144,171,260,315,0,1010,5343
5,4395,orientation,first,5,292,-24,-346,-300,0,900,6249
6,4395,orientation,first,6,-136,-184,174,-307,0,1160,7415
7,4395,orientation,first,7,-314,-191,209,-166,0,1010,8431
8,4395,orientation,first,8,76,54,-282,128,0,1210,9647
9,4395,orientation,first,9,-192,168,124,-343,0,980,10633
10,4395,orientation,last,0,-31,-224,233,131,0,1120,1130
11,4395,orientation,last,1,-273,-68,310,-249,0,990,2128
12,4395,orientation,last,2,178,207,-198,-147,0,1020,3156
13,4395,orientation,last,3,40,-55,-163,283,0,970,4134
14,4395,orientation,last,4,-241,-116,260,315,0,860,5002
15,4395,orientation,last,5,-95,-43,-346,-300,0,910,5919
16,4395,orientation,last,6,287,199,174,-307,0,1050,6977
17,4395,orientation,last,7,124,321,209,-166,0,1080,8065
18,4395,orientation,last,8,-123,133,-282,128,0,960,9033
19,4395,orientation,last,9,138,284,124,-343,0,1101,10142
0,4396,orientation,first,0,44,-336,233,131,0,1210,1218
1,4396,orientation,first,1,291,-190,310,-249,0,1150,2373
2,4396,orientation,first,2,174,158,-198,-147,0,1000,3379
3,4396,orientation,first,3,249,-155,-163,283,0,740,4125
4,4396,orientation,first,4,144,171,260,315,0,1050,5181
5,4396,orientation,first,5,292,-24,-346,-300,0,1080,6267
6,4396,orientation,first,6,-136,-184,174,-307,0,830,7103
7,4396,orientation,first,7,-314,-191,209,-166,0,880,7989
8,4396,orientation,first,8,76,54,-282,128,0,1180,9175
9,4396,orientation,first,9,-192,168,124,-343,0,920,10101
10,4396,orientation,last,0,-31,-224,233,131,0,1370,1379
11,4396,orientation,last,1,-273,-68,310,-249,0,780,2167
12,4396,orientation,last,2,178,207,-198,-147,0,1100,3275
13,4396,orientation,last,3,40,-55,-163,283,0,360,4483
14,4396,orientation,last,4,-241,-116,260,315,0,1080,5570
15,4396,orientation,last,5,-95,-43,-346,-300,0,380,6788
16,4396,orientation,last,6,287,199,174,-307,0,921,7717
17,4396,orientation,last,7,124,321,209,-166,0,760,8485
18,4396,orientation,last,8,-123,133,-282,128,0,870,9363
19,4396,orientation,last,9,138,284,124,-343,0,810,10181
0,4397,orientation,first,0,44,-336,233,131,0,2400,3458
1,4397,orientation,first,1,291,-190,310,-249,0,1080,4545
2,4397,orientation,first,2,174,158,-198,-147,0,860,5411
3,4397,orientation,first,3,249,-155,-163,283,0,890,6307
4,4397,orientation,first,4,144,171,260,315,0,860,7170
5,4397,orientation,first,5,292,-24,-346,-300,0,360,8346
6,4397,orientation,first,6,-136,-184,174,-307,0,941,9293
7,4397,orientation,first,7,-314,-191,209,-166,0,1070,10369
8,4397,orientation,first,8,76,54,-282,128,0,750,11125
9,4397,orientation,first,9,-192,168,124,-343,0,950,12081
10,4397,orientation,last,0,-31,-224,233,131,0,680,689
11,4397,orientation,last,1,-273,-68,310,-249,0,860,1557
12,4397,orientation,last,2,178,207,-198,-147,0,780,2344
13,4397,orientation,last,3,40,-55,-163,283,0,740,3091
14,4397,orientation,last,4,-241,-116,260,315,0,800,3898
15,4397,orientation,last,5,-95,-43,-346,-300,0,790,4695
16,4397,orientation,last,6,287,199,174,-307,0,790,5492
17,4397,orientation,last,7,124,321,209,-166,0,1030,6529
18,4397,orientation,last,8,-123,133,-282,128,0,780,7317
19,4397,orientation,last,9,138,284,124,-343,0,840,8165
0,4398,orientation,first,0,44,-336,233,131,0,970,978
1,4398,orientation,first,1,291,-190,310,-249,0,950,1935
2,4398,orientation,first,2,174,158,-198,-147,0,1000,2941
3,4398,orientation,first,3,249,-155,-163,283,0,990,3937
4,4398,orientation,first,4,144,171,260,315,0,840,4783
5,4398,orientation,first,5,292,-24,-346,-300,0,990,5779
6,4398,orientation,first,6,-136,-184,174,-307,0,980,6765
7,4398,orientation,first,7,-314,-191,209,-166,0,990,7761
8,4398,orientation,first,8,76,54,-282,128,0,960,8727
9,4398,orientation,first,9,-192,168,124,-343,0,1001,9734
10,4398,orientation,last,0,-31,-224,233,131,0,710,720
11,4398,orientation,last,1,-273,-68,310,-249,0,750,1478
12,4398,orientation,last,2,178,207,-198,-147,0,550,2896
13,4398,orientation,last,3,40,-55,-163,283,0,900,3804
14,4398,orientation,last,4,-241,-116,260,315,0,1030,4842
15,4398,orientation,last,5,-95,-43,-346,-300,0,910,5760
16,4398,orientation,last,6,287,199,174,-307,0,880,6648
17,4398,orientation,last,7,124,321,209,-166,0,1060,7716
18,4398,orientation,last,8,-123,133,-282,128,0,990,8714
19,4398,orientation,last,9,138,284,124,-343,0,970,9692
0,4401,orientation,first,0,44,-336,233,131,0,1180,1188
1,4401,orientation,first,1,291,-190,310,-249,0,1340,2534
2,4401,orientation,first,2,174,158,-198,-147,0,850,3387
3,4401,orientation,first,3,249,-155,-163,283,0,1040,4433
4,4401,orientation,first,4,144,171,260,315,0,670,5109
5,4401,orientation,first,5,292,-24,-346,-300,0,1000,6112
6,4401,orientation,first,6,-136,-184,174,-307,0,1280,7397
7,4401,orientation,first,7,-314,-191,209,-166,0,1180,8582
8,4401,orientation,first,8,76,54,-282,128,0,1170,9754
9,4401,orientation,first,9,-192,168,124,-343,0,830,10589
10,4401,orientation,last,0,-31,-224,233,131,0,771,780
11,4401,orientation,last,1,-273,-68,310,-249,0,1030,1817
12,4401,orientation,last,2,178,207,-198,-147,0,851,2675
13,4401,orientation,last,3,40,-55,-163,283,0,800,3479
14,4401,orientation,last,4,-241,-116,260,315,0,980,4466
15,4401,orientation,last,5,-95,-43,-346,-300,0,620,5843
16,4401,orientation,last,6,287,199,174,-307,0,980,6830
17,4401,orientation,last,7,124,321,209,-166,0,1260,8097
18,4401,orientation,last,8,-123,133,-282,128,0,990,9094
19,4401,orientation,last,9,138,284,124,-343,0,1070,10167
0,4402,orientation,first,0,44,-336,233,131,0,1960,1968
1,4402,orientation,first,1,291,-190,310,-249,0,991,2966
2,4402,orientation,first,2,174,158,-198,-147,0,980,3952
3,4402,orientation,first,3,249,-155,-163,283,0,980,4938
4,4402,orientation,first,4,144,171,260,315,0,1030,5974
5,4402,orientation,first,5,292,-24,-346,-300,0,890,6870
6,4402,orientation,first,6,-136,-184,174,-307,0,1670,8546
7,4402,orientation,first,7,-314,-191,209,-166,0,1310,9862
8,4402,orientation,first,8,76,54,-282,128,0,1410,11278
9,4402,orientation,first,9,-192,168,124,-343,0,1140,12424
10,4402,orientation,last,0,-31,-224,233,131,0,970,977
11,4402,orientation,last,1,-273,-68,310,-249,0,370,2484
12,4402,orientation,last,2,178,207,-198,-147,0,380,3631
13,4402,orientation,last,3,40,-55,-163,283,0,910,4548
14,4402,orientation,last,4,-241,-116,260,315,0,840,5395
15,4402,orientation,last,5,-95,-43,-346,-300,0,940,6342
16,4402,orientation,last,6,287,199,174,-307,0,1161,7510
17,4402,orientation,last,7,124,321,209,-166,0,990,8507
18,4402,orientation,last,8,-123,133,-282,128,0,1740,10255
19,4402,orientation,last,9,138,284,124,-343,0,940,11203
0,4403,orientation,first,0,44,-336,233,131,0,1560,1568
1,4403,orientation,first,1,291,-190,310,-249,0,2880,4454
2,4403,orientation,first,2,174,158,-198,-147,0,2210,6670
3,4403,orientation,first,3,249,-155,-163,283,0,3060,9736
4,4403,orientation,first,4,144,171,260,315,0,2320,12062
5,4403,orientation,first,5,292,-24,-346,-300,0,740,14178
6,4403,orientation,first,6,-136,-184,174,-307,0,1600,15783
7,4403,orientation,first,7,-314,-191,209,-166,0,2021,17809
8,4403,orientation,first,8,76,54,-282,128,0,2170,19984
9,4403,orientation,first,9,-192,168,124,-343,0,1850,21839
10,4403,orientation,last,0,-31,-224,233,131,0,1620,1629
11,4403,orientation,last,1,-273,-68,310,-249,0,1540,3177
12,4403,orientation,last,2,178,207,-198,-147,0,1430,4615
13,4403,orientation,last,3,40,-55,-163,283,0,1800,6422
14,4403,orientation,last,4,-241,-116,260,315,0,1650,8079
15,4403,orientation,last,5,-95,-43,-346,-300,0,1540,9626
16,4403,orientation,last,6,287,199,174,-307,0,1560,11193
17,4403,orientation,last,7,124,321,209,-166,0,1661,12861
18,4403,orientation,last,8,-123,133,-282,128,0,2350,15218
19,4403,orientation,last,9,138,284,124,-343,0,1630,16856
0,4404,orientation,first,0,44,-336,233,131,0,1370,1378
1,4404,orientation,first,1,291,-190,310,-249,0,990,2374
2,4404,orientation,first,2,174,158,-198,-147,0,890,3270
3,4404,orientation,first,3,249,-155,-163,283,0,1060,4336
4,4404,orientation,first,4,144,171,260,315,0,850,5192
5,4404,orientation,first,5,292,-24,-346,-300,0,800,5998
6,4404,orientation,first,6,-136,-184,174,-307,0,1030,7034
7,4404,orientation,first,7,-314,-191,209,-166,0,840,7879
8,4404,orientation,first,8,76,54,-282,128,0,1080,8964
9,4404,orientation,first,9,-192,168,124,-343,0,880,9849
10,4404,orientation,last,0,-31,-224,233,131,0,810,816
11,4404,orientation,last,1,-273,-68,310,-249,0,910,1734
12,4404,orientation,last,2,178,207,-198,-147,0,960,2701
13,4404,orientation,last,3,40,-55,-163,283,0,910,3618
14,4404,orientation,last,4,-241,-116,260,315,0,890,4515
15,4404,orientation,last,5,-95,-43,-346,-300,0,890,5412
16,4404,orientation,last,6,287,199,174,-307,0,1131,6550
17,4404,orientation,last,7,124,321,209,-166,0,811,7368
18,4404,orientation,last,8,-123,133,-282,128,0,1050,8426
19,4404,orientation,last,9,138,284,124,-343,0,1340,9774
0,4406,orientation,first,0,44,-336,233,131,0,6110,6118
1,4406,orientation,first,1,291,-190,310,-249,0,4671,10796
2,4406,orientation,first,2,174,158,-198,-147,0,1280,12082
3,4406,orientation,first,3,249,-155,-163,283,0,1550,13638
4,4406,orientation,first,4,144,171,260,315,0,1260,14904
5,4406,orientation,first,5,292,-24,-346,-300,0,1450,16360
6,4406,orientation,first,6,-136,-184,174,-307,0,1920,18286
7,4406,orientation,first,7,-314,-191,209,-166,0,2140,20432
8,4406,orientation,first,8,76,54,-282,128,0,1920,22358
9,4406,orientation,first,9,-192,168,124,-343,0,1590,23954
10,4406,orientation,last,0,-31,-224,233,131,0,5181,5190
11,4406,orientation,last,1,-273,-68,310,-249,0,1450,6647
12,4406,orientation,last,2,178,207,-198,-147,0,1570,8224
13,4406,orientation,last,3,40,-55,-163,283,0,1250,9481
14,4406,orientation,last,4,-241,-116,260,315,0,1370,10858
15,4406,orientation,last,5,-95,-43,-346,-300,0,1190,12055
16,4406,orientation,last,6,287,199,174,-307,0,2070,14132
17,4406,orientation,last,7,124,321,209,-166,0,1120,15260
18,4406,orientation,last,8,-123,133,-282,128,0,2330,17598
19,4406,orientation,last,9,138,284,124,-343,0,1110,18716
0,4409,orientation,first,0,44,-336,233,131,0,2500,2508
1,4409,orientation,first,1,291,-190,310,-249,0,2380,4895
2,4409,orientation,first,2,174,158,-198,-147,0,3090,7991
3,4409,orientation,first,3,249,-155,-163,283,0,660,12218
4,4409,orientation,first,4,144,171,260,315,0,2540,14764
5,4409,orientation,first,5,292,-24,-346,-300,0,1520,18770
6,4409,orientation,first,6,-136,-184,174,-307,0,2610,21386
7,4409,orientation,first,7,-314,-191,209,-166,0,1760,23152
8,4409,orientation,first,8,76,54,-282,128,0,3150,26308
9,4409,orientation,first,9,-192,168,124,-343,0,2831,29145
10,4409,orientation,last,0,-31,-224,233,131,0,2620,2627
11,4409,orientation,last,1,-273,-68,310,-249,0,1780,4415
12,4409,orientation,last,2,178,207,-198,-147,0,2650,7072
13,4409,orientation,last,3,40,-55,-163,283,0,2320,9399
14,4409,orientation,last,4,-241,-116,260,315,0,1590,10996
15,4409,orientation,last,5,-95,-43,-346,-300,0,1380,12383
16,4409,orientation,last,6,287,199,174,-307,0,700,15230
17,4409,orientation,last,7,124,321,209,-166,0,2591,17828
18,4409,orientation,last,8,-123,133,-282,128,0,1810,19646
19,4409,orientation,last,9,138,284,124,-343,0,2000,21654
0,4410,orientation,first,0,44,-336,233,131,0,1520,1528
1,4410,orientation,first,1,291,-190,310,-249,0,980,2515
2,4410,orientation,first,2,174,158,-198,-147,0,1111,3632
3,4410,orientation,first,3,249,-155,-163,283,0,1060,4698
4,4410,orientation,first,4,144,171,260,315,0,870,5574
5,4410,orientation,first,5,292,-24,-346,-300,0,870,6450
6,4410,orientation,first,6,-136,-184,174,-307,0,950,7406
7,4410,orientation,first,7,-314,-191,209,-166,0,1100,8511
8,4410,orientation,first,8,76,54,-282,128,0,1160,9676
9,4410,orientation,first,9,-192,168,124,-343,0,1490,11172
10,4410,orientation,last,0,-31,-224,233,131,0,2780,2790
11,4410,orientation,last,1,-273,-68,310,-249,0,1110,3908
12,4410,orientation,last,2,178,207,-198,-147,0,1240,5156
13,4410,orientation,last,3,40,-55,-163,283,0,1060,6223
14,4410,orientation,last,4,-241,-116,260,315,0,990,7220
15,4410,orientation,last,5,-95,-43,-346,-300,0,1100,8327
16,4410,orientation,last,6,287,199,174,-307,0,1401,9736
17,4410,orientation,last,7,124,321,209,-166,0,940,10684
18,4410,orientation,last,8,-123,133,-282,128,0,1580,12272
19,4410,orientation,last,9,138,284,124,-343,0,1160,13440
0,4411,orientation,first,0,44,-336,233,131,0,5670,5678
1,4411,orientation,first,1,291,-190,310,-249,0,1120,6805
2,4411,orientation,first,2,174,158,-198,-147,0,1130,7941
3,4411,orientation,first,3,249,-155,-163,283,0,911,8858
4,4411,orientation,first,4,144,171,260,315,0,840,9704
5,4411,orientation,first,5,292,-24,-346,-300,0,960,10670
6,4411,orientation,first,6,-136,-184,174,-307,0,890,11566
7,4411,orientation,first,7,-314,-191,209,-166,0,930,12502
8,4411,orientation,first,8,76,54,-282,128,0,1150,13658
9,4411,orientation,first,9,-192,168,124,-343,0,1290,14953
10,4411,orientation,last,0,-31,-224,233,131,0,990,999
11,4411,orientation,last,1,-273,-68,310,-249,0,700,1707
12,4411,orientation,last,2,178,207,-198,-147,0,790,2505
13,4411,orientation,last,3,40,-55,-163,283,0,870,3382
14,4411,orientation,last,4,-241,-116,260,315,0,770,4160
15,4411,orientation,last,5,-95,-43,-346,-300,0,690,4857
16,4411,orientation,last,6,287,199,174,-307,0,1220,6084
17,4411,orientation,last,7,124,321,209,-166,0,1180,7272
18,4411,orientation,last,8,-123,133,-282,128,0,1070,8350
19,4411,orientation,last,9,138,284,124,-343,0,1060,9418
0,4412,orientation,first,0,44,-336,233,131,0,2090,2098
1,4412,orientation,first,1,291,-190,310,-249,0,1910,4015
2,4412,orientation,first,2,174,158,-198,-147,0,1840,5861
3,4412,orientation,first,3,249,-155,-163,283,0,1060,6927
4,4412,orientation,first,4,144,171,260,315,0,880,9063
5,4412,orientation,first,5,292,-24,-346,-300,0,940,11320
6,4412,orientation,first,6,-136,-184,174,-307,0,1670,12996
7,4412,orientation,first,7,-314,-191,209,-166,0,1040,14042
8,4412,orientation,first,8,76,54,-282,128,0,1560,15608
9,4412,orientation,first,9,-192,168,124,-343,0,1090,16704
10,4412,orientation,last,0,-31,-224,233,131,0,1020,1027
11,4412,orientation,last,1,-273,-68,310,-249,0,1420,2455
12,4412,orientation,last,2,178,207,-198,-147,0,1220,3682
13,4412,orientation,last,3,40,-55,-163,283,1,1430,5119
14,4412,orientation,last,3,40,-55,-163,283,0,850,5969
15,4412,orientation,last,4,-241,-116,260,315,1,1290,7266
16,4412,orientation,last,4,-241,-116,260,315,0,1040,8306
17,4412,orientation,last,5,-95,-43,-346,-300,0,1000,9313
18,4412,orientation,last,6,287,199,174,-307,1,1171,10491
19,4412,orientation,last,6,287,199,174,-307,0,760,12571
20,4412,orientation,last,7,124,321,209,-166,1,1040,13619
21,4412,orientation,last,7,124,321,209,-166,0,820,14439
22,4412,orientation,last,8,-123,133,-282,128,1,1220,15667
23,4412,orientation,last,8,-123,133,-282,128,0,1000,16667
24,4412,orientation,last,9,138,284,124,-343,1,1250,17925
25,4412,orientation,last,9,138,284,124,-343,1,500,18425
26,4412,orientation,last,9,138,284,124,-343,0,2030,20455
0,4413,orientation,first,0,44,-336,233,131,0,27131,96723
1,4413,orientation,first,1,291,-190,310,-249,0,43683,140412
2,4413,orientation,first,2,174,158,-198,-147,0,5790,146208
3,4413,orientation,first,3,249,-155,-163,283,0,4780,150994
4,4413,orientation,first,4,144,171,260,315,0,5901,156901
5,4413,orientation,first,5,292,-24,-346,-300,0,4910,161817
6,4413,orientation,first,6,-136,-184,174,-307,0,7191,176724
7,4413,orientation,first,7,-314,-191,209,-166,0,6930,183659
8,4413,orientation,first,8,76,54,-282,128,0,5060,188724
9,4413,orientation,first,9,-192,168,124,-343,0,5661,194390
10,4413,orientation,last,0,-31,-224,233,131,0,39282,39291
11,4413,orientation,last,1,-273,-68,310,-249,0,6490,45788
12,4413,orientation,last,2,178,207,-198,-147,0,5141,50936
13,4413,orientation,last,3,40,-55,-163,283,0,5040,55983
14,4413,orientation,last,4,-241,-116,260,315,0,6730,62720
15,4413,orientation,last,5,-95,-43,-346,-300,0,3931,66658
16,4413,orientation,last,6,287,199,174,-307,0,4080,70745
17,4413,orientation,last,7,124,321,209,-166,0,3130,73882
18,4413,orientation,last,8,-123,133,-282,128,0,3560,77449
19,4413,orientation,last,9,138,284,124,-343,0,2121,85408
0,4414,orientation,first,0,44,-336,233,131,0,1000,1008
1,4414,orientation,first,1,291,-190,310,-249,0,1170,2185
2,4414,orientation,first,2,174,158,-198,-147,0,1100,3291
3,4414,orientation,first,3,249,-155,-163,283,0,920,4217
4,4414,orientation,first,4,144,171,260,315,0,950,5173
5,4414,orientation,first,5,292,-24,-346,-300,0,960,6139
6,4414,orientation,first,6,-136,-184,174,-307,0,1250,7395
7,4414,orientation,first,7,-314,-191,209,-166,0,920,8321
8,4414,orientation,first,8,76,54,-282,128,0,1050,9377
9,4414,orientation,first,9,-192,168,124,-343,0,1130,10513
10,4414,orientation,last,0,-31,-224,233,131,0,840,849
11,4414,orientation,last,1,-273,-68,310,-249,0,830,1687
12,4414,orientation,last,2,178,207,-198,-147,0,980,2675
13,4414,orientation,last,3,40,-55,-163,283,0,880,3563
14,4414,orientation,last,4,-241,-116,260,315,0,840,4411
15,4414,orientation,last,5,-95,-43,-346,-300,0,681,5099
16,4414,orientation,last,6,287,199,174,-307,0,1240,6347
17,4414,orientation,last,7,124,321,209,-166,0,820,7175
18,4414,orientation,last,8,-123,133,-282,128,0,630,7813
19,4414,orientation,last,9,138,284,124,-343,0,940,8761
0,4415,orientation,first,0,44,-336,233,131,0,1051,1059
1,4415,orientation,first,1,291,-190,310,-249,0,940,2005
2,4415,orientation,first,2,174,158,-198,-147,0,920,2931
3,4415,orientation,first,3,249,-155,-163,283,0,860,3797
4,4415,orientation,first,4,144,171,260,315,0,820,4623
5,4415,orientation,first,5,292,-24,-346,-300,0,760,5389
6,4415,orientation,first,6,-136,-184,174,-307,0,1090,6484
7,4415,orientation,first,7,-314,-191,209,-166,0,940,7429
8,4415,orientation,first,8,76,54,-282,128,0,1260,8694
9,4415,orientation,first,9,-192,168,124,-343,0,840,9539
10,4415,orientation,last,0,-31,-224,233,131,0,810,819
11,4415,orientation,last,1,-273,-68,310,-249,0,800,1626
12,4415,orientation,last,2,178,207,-198,-147,0,1030,2663
13,4415,orientation,last,3,40,-55,-163,283,0,840,3510
14,4415,orientation,last,4,-241,-116,260,315,0,880,4397
15,4415,orientation,last,5,-95,-43,-346,-300,0,1000,5404
16,4415,orientation,last,6,287,199,174,-307,0,1000,6411
17,4415,orientation,last,7,124,321,209,-166,0,970,7388
18,4415,orientation,last,8,-123,133,-282,128,0,980,8375
19,4415,orientation,last,9,138,284,124,-343,0,1071,9454
0,4416,orientation,first,0,44,-336,233,131,0,710,718
1,4416,orientation,first,1,291,-190,310,-249,0,710,1434
2,4416,orientation,first,2,174,158,-198,-147,0,910,2350
3,4416,orientation,first,3,249,-155,-163,283,0,600,2956
4,4416,orientation,first,4,144,171,260,315,0,980,3942
5,4416,orientation,first,5,292,-24,-346,-300,0,660,4607
6,4416,orientation,first,6,-136,-184,174,-307,0,990,5602
7,4416,orientation,first,7,-314,-191,209,-166,0,360,6587
8,4416,orientation,first,8,76,54,-282,128,0,330,7952
9,4416,orientation,first,9,-192,168,124,-343,0,820,8777
10,4416,orientation,last,0,-31,-224,233,131,0,950,958
11,4416,orientation,last,1,-273,-68,310,-249,0,280,1995
12,4416,orientation,last,2,178,207,-198,-147,0,890,2892
13,4416,orientation,last,3,40,-55,-163,283,0,740,3639
14,4416,orientation,last,4,-241,-116,260,315,0,730,4376
15,4416,orientation,last,5,-95,-43,-346,-300,0,660,5043
16,4416,orientation,last,6,287,199,174,-307,0,790,5840
17,4416,orientation,last,7,124,321,209,-166,0,760,6607
18,4416,orientation,last,8,-123,133,-282,128,0,820,7434
19,4416,orientation,last,9,138,284,124,-343,0,360,8612
0,4422,orientation,first,0,44,-336,233,131,0,670,678
1,4422,orientation,first,1,291,-190,310,-249,0,880,1565
2,4422,orientation,first,2,174,158,-198,-147,0,710,2281
3,4422,orientation,first,3,249,-155,-163,283,0,780,3067
4,4422,orientation,first,4,144,171,260,315,0,1040,4113
5,4422,orientation,first,5,292,-24,-346,-300,0,640,4759
6,4422,orientation,first,6,-136,-184,174,-307,0,1130,5895
7,4422,orientation,first,7,-314,-191,209,-166,0,950,6851
8,4422,orientation,first,8,76,54,-282,128,0,840,7697
9,4422,orientation,first,9,-192,168,124,-343,0,1060,8763
10,4422,orientation,last,0,-31,-224,233,131,0,720,726
11,4422,orientation,last,1,-273,-68,310,-249,0,770,1504
12,4422,orientation,last,2,178,207,-198,-147,0,1211,2722
13,4422,orientation,last,3,40,-55,-163,283,0,830,3559
14,4422,orientation,last,4,-241,-116,260,315,0,880,4446
15,4422,orientation,last,5,-95,-43,-346,-300,0,700,5153
16,4422,orientation,last,6,287,199,174,-307,0,920,6080
17,4422,orientation,last,7,124,321,209,-166,0,960,7047
18,4422,orientation,last,8,-123,133,-282,128,0,530,8385
19,4422,orientation,last,9,138,284,124,-343,0,1230,9623
0,4424,orientation,first,0,44,-336,233,131,0,2340,2348
1,4424,orientation,first,1,291,-190,310,-249,0,2190,4545
2,4424,orientation,first,2,174,158,-198,-147,0,1590,6141
3,4424,orientation,first,3,249,-155,-163,283,0,1570,7717
4,4424,orientation,first,4,144,171,260,315,0,1521,9244
5,4424,orientation,first,5,292,-24,-346,-300,0,1720,10970
6,4424,orientation,first,6,-136,-184,174,-307,0,1680,12656
7,4424,orientation,first,7,-314,-191,209,-166,0,1350,14012
8,4424,orientation,first,8,76,54,-282,128,0,2050,16068
9,4424,orientation,first,9,-192,168,124,-343,0,2040,18114
10,4424,orientation,last,0,-31,-224,233,131,0,2040,2047
11,4424,orientation,last,1,-273,-68,310,-249,0,1280,3335
12,4424,orientation,last,2,178,207,-198,-147,0,1570,4912
13,4424,orientation,last,3,40,-55,-163,283,0,2200,7119
14,4424,orientation,last,4,-241,-116,260,315,0,1561,8687
15,4424,orientation,last,5,-95,-43,-346,-300,0,1560,10254
16,4424,orientation,last,6,287,199,174,-307,0,1210,11471
17,4424,orientation,last,7,124,321,209,-166,0,1610,13089
18,4424,orientation,last,8,-123,133,-282,128,0,1890,14987
19,4424,orientation,last,9,138,284,124,-343,0,1280,16275
0,4426,orientation,first,0,44,-336,233,131,0,1330,1336
1,4426,orientation,first,1,291,-190,310,-249,0,990,2332
2,4426,orientation,first,2,174,158,-198,-147,0,1290,3628
3,4426,orientation,first,3,249,-155,-163,283,0,1160,4794
4,4426,orientation,first,4,144,171,260,315,0,1140,5940
5,4426,orientation,first,5,292,-24,-346,-300,0,930,6875
6,4426,orientation,first,6,-136,-184,174,-307,0,1510,8390
7,4426,orientation,first,7,-314,-191,209,-166,0,1090,9485
8,4426,orientation,first,8,76,54,-282,128,0,1760,11250
9,4426,orientation,first,9,-192,168,124,-343,0,1210,12465
10,4426,orientation,last,0,-31,-224,233,131,0,1140,1147
11,4426,orientation,last,1,-273,-68,310,-249,0,970,2125
12,4426,orientation,last,2,178,207,-198,-147,0,1261,3393
13,4426,orientation,last,3,40,-55,-163,283,0,880,4280
14,4426,orientation,last,4,-241,-116,260,315,0,920,5207
15,4426,orientation,last,5,-95,-43,-346,-300,0,880,6094
16,4426,orientation,last,6,287,199,174,-307,0,1660,7761
17,4426,orientation,last,7,124,321,209,-166,0,1180,8948
18,4426,orientation,last,8,-123,133,-282,128,0,1250,10206
19,4426,orientation,last,9,138,284,124,-343,0,1410,11624
0,A109,orientation,first,0,347,316,92,-310,0,850,858
1,A109,orientation,first,1,-5,172,300,-309,0,990,1855
2,A109,orientation,first,2,138,-67,380,-18,0,720,2581
3,A109,orientation,first,3,-11,-165,-387,-47,0,630,3217
4,A109,orientation,first,4,211,-216,-186,-385,0,760,3983
5,A109,orientation,first,5,205,-348,-189,-153,0,890,4879
6,A109,orientation,first,6,-209,-253,361,125,0,860,5745
7,A109,orientation,first,7,-358,-211,-311,104,0,550,6301
8,A109,orientation,first,8,-43,-37,-231,247,0,750,7057
9,A109,orientation,first,9,122,-264,-71,-192,0,790,7853
10,A109,orientation,last,0,298,-88,92,-310,0,600,606
11,A109,orientation,last,1,-77,36,300,-309,0,750,1364
12,A109,orientation,last,2,98,73,380,-18,0,840,2213
13,A109,orientation,last,3,244,187,-387,-47,0,780,3000
14,A109,orientation,last,4,33,169,-186,-385,0,791,3798
15,A109,orientation,last,5,146,341,-189,-153,0,680,4485
16,A109,orientation,last,6,-136,336,361,125,0,830,5322
17,A109,orientation,last,7,-147,201,-311,104,0,900,6230
18,A109,orientation,last,8,-294,-102,-231,247,0,880,7118
19,A109,orientation,last,9,-33,-313,-71,-192,0,800,7926
0,A110,orientation,first,0,347,316,92,-310,0,680,688
1,A110,orientation,first,1,-5,172,300,-309,0,550,1245
2,A110,orientation,first,2,138,-67,380,-18,0,480,1731
3,A110,orientation,first,3,-11,-165,-387,-47,0,580,2317
4,A110,orientation,first,4,211,-216,-186,-385,0,510,2833
5,A110,orientation,first,5,205,-348,-189,-153,0,521,3360
6,A110,orientation,first,6,-209,-253,361,125,0,320,4506
7,A110,orientation,first,7,-358,-211,-311,104,0,570,5082
8,A110,orientation,first,8,-43,-37,-231,247,0,890,5978
9,A110,orientation,first,9,122,-264,-71,-192,0,710,6694
10,A110,orientation,last,0,298,-88,92,-310,0,610,619
11,A110,orientation,last,1,-77,36,300,-309,0,260,1590
12,A110,orientation,last,2,98,73,380,-18,0,530,2128
13,A110,orientation,last,3,244,187,-387,-47,0,710,2845
14,A110,orientation,last,4,33,169,-186,-385,0,530,3382
15,A110,orientation,last,5,146,341,-189,-153,0,720,4109
16,A110,orientation,last,6,-136,336,361,125,0,670,4787
17,A110,orientation,last,7,-147,201,-311,104,0,620,5415
18,A110,orientation,last,8,-294,-102,-231,247,0,860,6283
19,A110,orientation,last,9,-33,-313,-71,-192,0,280,7491
0,C102,orientation,first,0,347,316,92,-310,0,1030,1038
1,C102,orientation,first,1,-5,172,300,-309,0,860,1904
2,C102,orientation,first,2,138,-67,380,-18,0,650,2560
3,C102,orientation,first,3,-11,-165,-387,-47,0,780,3346
4,C102,orientation,first,4,211,-216,-186,-385,0,690,4042
5,C102,orientation,first,5,205,-348,-189,-153,0,690,4737
6,C102,orientation,first,6,-209,-253,361,125,0,880,5622
7,C102,orientation,first,7,-358,-211,-311,104,0,700,6327
8,C102,orientation,first,8,-43,-37,-231,247,0,900,7232
9,C102,orientation,first,9,122,-264,-71,-192,0,920,8157
10,C102,orientation,last,0,298,-88,92,-310,0,610,619
11,C102,orientation,last,1,-77,36,300,-309,0,721,1347
12,C102,orientation,last,2,98,73,380,-18,0,710,2064
13,C102,orientation,last,3,244,187,-387,-47,0,790,2857
14,C102,orientation,last,4,33,169,-186,-385,0,810,3674
15,C102,orientation,last,5,146,341,-189,-153,0,910,4591
16,C102,orientation,last,6,-136,336,361,125,0,800,5398
17,C102,orientation,last,7,-147,201,-311,104,0,610,6015
18,C102,orientation,last,8,-294,-102,-231,247,0,830,6853
19,C102,orientation,last,9,-33,-313,-71,-192,0,801,7662
0,F104,orientation,first,0,347,316,92,-310,0,880,888
1,F104,orientation,first,1,-5,172,300,-309,0,600,1495
2,F104,orientation,first,2,138,-67,380,-18,0,861,2362
3,F104,orientation,first,3,-11,-165,-387,-47,0,690,3058
4,F104,orientation,first,4,211,-216,-186,-385,0,490,3554
5,F104,orientation,first,5,205,-348,-189,-153,0,600,4160
6,F104,orientation,first,6,-209,-253,361,125,0,330,5196
7,F104,orientation,first,7,-358,-211,-311,104,0,650,5851
8,F104,orientation,first,8,-43,-37,-231,247,0,730,6586
9,F104,orientation,first,9,122,-264,-71,-192,0,820,7411
10,F104,orientation,last,0,298,-88,92,-310,0,500,509
11,F104,orientation,last,1,-77,36,300,-309,0,620,1137
12,F104,orientation,last,2,98,73,380,-18,0,480,1625
13,F104,orientation,last,3,244,187,-387,-47,0,740,2372
14,F104,orientation,last,4,33,169,-186,-385,0,500,2879
15,F104,orientation,last,5,146,341,-189,-153,0,760,3646
16,F104,orientation,last,6,-136,336,361,125,0,390,4863
17,F104,orientation,last,7,-147,201,-311,104,0,640,5511
18,F104,orientation,last,8,-294,-102,-231,247,0,810,6329
19,F104,orientation,last,9,-33,-313,-71,-192,0,711,7048
0,J108,orientation,first,0,347,316,92,-310,0,1010,1018
1,J108,orientation,first,1,-5,172,300,-309,0,880,1905
2,J108,orientation,first,2,138,-67,380,-18,0,690,2601
3,J108,orientation,first,3,-11,-165,-387,-47,0,970,3577
4,J108,orientation,first,4,211,-216,-186,-385,0,680,4263
5,J108,orientation,first,5,205,-348,-189,-153,0,630,4899
6,J108,orientation,first,6,-209,-253,361,125,0,1160,6064
7,J108,orientation,first,7,-358,-211,-311,104,0,700,6770
8,J108,orientation,first,8,-43,-37,-231,247,0,830,7605
9,J108,orientation,first,9,122,-264,-71,-192,0,830,8440
10,J108,orientation,last,0,298,-88,92,-310,0,640,647
11,J108,orientation,last,1,-77,36,300,-309,0,721,1375
12,J108,orientation,last,2,98,73,380,-18,0,520,1902
13,J108,orientation,last,3,244,187,-387,-47,0,820,2729
14,J108,orientation,last,4,33,169,-186,-385,0,720,3456
15,J108,orientation,last,5,146,341,-189,-153,0,640,4103
16,J108,orientation,last,6,-136,336,361,125,0,730,4840
17,J108,orientation,last,7,-147,201,-311,104,0,680,5527
18,J108,orientation,last,8,-294,-102,-231,247,0,370,6615
19,J108,orientation,last,9,-33,-313,-71,-192,0,850,7473
0,K106,orientation,first,0,347,316,92,-310,0,1090,1098
1,K106,orientation,first,1,-5,172,300,-309,0,720,1824
2,K106,orientation,first,2,138,-67,380,-18,0,540,2370
3,K106,orientation,first,3,-11,-165,-387,-47,0,740,3116
4,K106,orientation,first,4,211,-216,-186,-385,0,620,3742
5,K106,orientation,first,5,205,-348,-189,-153,0,620,4368
6,K106,orientation,first,6,-209,-253,361,125,0,900,5273
7,K106,orientation,first,7,-358,-211,-311,104,0,770,6048
8,K106,orientation,first,8,-43,-37,-231,247,0,790,6843
9,K106,orientation,first,9,122,-264,-71,-192,0,880,7728
10,K106,orientation,last,0,298,-88,92,-310,0,680,690
11,K106,orientation,last,1,-77,36,300,-309,0,620,1318
12,K106,orientation,last,2,98,73,380,-18,0,680,2006
13,K106,orientation,last,3,244,187,-387,-47,0,650,2663
14,K106,orientation,last,4,33,169,-186,-385,0,870,3540
15,K106,orientation,last,5,146,341,-189,-153,0,1030,4577
16,K106,orientation,last,6,-136,336,361,125,0,790,5374
17,K106,orientation,last,7,-147,201,-311,104,0,750,6132
18,K106,orientation,last,8,-294,-102,-231,247,0,1120,7260
19,K106,orientation,last,9,-33,-313,-71,-192,0,1010,8278
0,KK107,orientation,first,0,347,316,92,-310,0,1670,1678
1,KK107,orientation,first,1,-5,172,300,-309,0,1400,3085
2,KK107,orientation,first,2,138,-67,380,-18,0,1390,4481
3,KK107,orientation,first,3,-11,-165,-387,-47,0,970,5457
4,KK107,orientation,first,4,211,-216,-186,-385,0,1010,6473
5,KK107,orientation,first,5,205,-348,-189,-153,0,1201,7680
6,KK107,orientation,first,6,-209,-253,361,125,0,1160,8846
7,KK107,orientation,first,7,-358,-211,-311,104,0,1000,9852
8,KK107,orientation,first,8,-43,-37,-231,247,0,1010,10868
9,KK107,orientation,first,9,122,-264,-71,-192,0,1460,12334
10,KK107,orientation,last,0,298,-88,92,-310,0,1010,1017
11,KK107,orientation,last,1,-77,36,300,-309,0,1130,2152
12,KK107,orientation,last,2,98,73,380,-18,0,900,3060
13,KK107,orientation,last,3,244,187,-387,-47,0,900,3968
14,KK107,orientation,last,4,33,169,-186,-385,0,790,4765
15,KK107,orientation,last,5,146,341,-189,-153,0,1190,5962
16,KK107,orientation,last,6,-136,336,361,125,0,1310,7280
17,KK107,orientation,last,7,-147,201,-311,104,0,830,8118
18,KK107,orientation,last,8,-294,-102,-231,247,0,1490,9616
19,KK107,orientation,last,9,-33,-313,-71,-192,0,1400,11024
0,L105,orientation,first,0,347,316,92,-310,0,1100,1108
1,L105,orientation,first,1,-5,172,300,-309,0,810,1924
2,L105,orientation,first,2,138,-67,380,-18,0,650,2580
3,L105,orientation,first,3,-11,-165,-387,-47,0,570,3156
4,L105,orientation,first,4,211,-216,-186,-385,0,670,3832
5,L105,orientation,first,5,205,-348,-189,-153,0,370,4847
6,L105,orientation,first,6,-209,-253,361,125,0,1100,5952
7,L105,orientation,first,7,-358,-211,-311,104,0,760,6718
8,L105,orientation,first,8,-43,-37,-231,247,0,660,7383
9,L105,orientation,first,9,122,-264,-71,-192,0,1080,8466
10,L105,orientation,last,0,298,-88,92,-310,0,661,670
11,L105,orientation,last,1,-77,36,300,-309,0,850,1528
12,L105,orientation,last,2,98,73,380,-18,0,670,2206
13,L105,orientation,last,3,244,187,-387,-47,0,690,2904
14,L105,orientation,last,4,33,169,-186,-385,0,650,3561
15,L105,orientation,last,5,146,341,-189,-153,0,710,4278
16,L105,orientation,last,6,-136,336,361,125,0,750,5036
17,L105,orientation,last,7,-147,201,-311,104,0,740,5784
18,L105,orientation,last,8,-294,-102,-231,247,0,860,6652
19,L105,orientation,last,9,-33,-313,-71,-192,0,760,7420
0,R101,orientation,first,0,347,316,92,-310,0,780,788
1,R101,orientation,first,1,-5,172,300,-309,0,740,1535
2,R101,orientation,first,2,138,-67,380,-18,0,770,2311
3,R101,orientation,first,3,-11,-165,-387,-47,0,540,3637
4,R101,orientation,first,4,211,-216,-186,-385,0,720,4363
5,R101,orientation,first,5,205,-348,-189,-153,0,690,5059
6,R101,orientation,first,6,-209,-253,361,125,0,1030,6095
7,R101,orientation,first,7,-358,-211,-311,104,0,771,6871
8,R101,orientation,first,8,-43,-37,-231,247,0,900,7776
9,R101,orientation,first,9,122,-264,-71,-192,0,1090,8871
10,R101,orientation,last,0,298,-88,92,-310,0,1131,1139
11,R101,orientation,last,1,-77,36,300,-309,0,850,1997
12,R101,orientation,last,2,98,73,380,-18,0,660,2664
13,R101,orientation,last,3,244,187,-387,-47,0,780,3451
14,R101,orientation,last,4,33,169,-186,-385,0,800,4258
15,R101,orientation,last,5,146,341,-189,-153,0,770,5035
16,R101,orientation,last,6,-136,336,361,125,0,1100,6143
17,R101,orientation,last,7,-147,201,-311,104,0,980,7131
18,R101,orientation,last,8,-294,-102,-231,247,0,1260,8399
19,R101,orientation,last,9,-33,-313,-71,-192,0,910,9317
0,S103,orientation,first,0,347,316,92,-310,0,1010,1018
1,S103,orientation,first,1,-5,172,300,-309,0,930,1954
2,S103,orientation,first,2,138,-67,380,-18,0,640,2600
3,S103,orientation,first,3,-11,-165,-387,-47,0,630,3236
4,S103,orientation,first,4,211,-216,-186,-385,0,520,3762
5,S103,orientation,first,5,205,-348,-189,-153,0,550,4317
6,S103,orientation,first,6,-209,-253,361,125,0,920,5242
7,S103,orientation,first,7,-358,-211,-311,104,0,750,5997
8,S103,orientation,first,8,-43,-37,-231,247,0,960,6962
9,S103,orientation,first,9,122,-264,-71,-192,0,900,7867
10,S103,orientation,last,0,298,-88,92,-310,0,600,606
11,S103,orientation,last,1,-77,36,300,-309,0,750,1363
12,S103,orientation,last,2,98,73,380,-18,0,630,2000
13,S103,orientation,last,3,244,187,-387,-47,0,1040,3047
14,S103,orientation,last,4,33,169,-186,-385,0,630,3684
15,S103,orientation,last,5,146,341,-189,-153,0,870,4561
16,S103,orientation,last,6,-136,336,361,125,0,1200,5768
17,S103,orientation,last,7,-147,201,-311,104,0,880,6655
18,S103,orientation,last,8,-294,-102,-231,247,0,890,7552
19,S103,orientation,last,9,-33,-313,-71,-192,0,350,8681
